rid_i,rid_j,hamming,similarity
1,47,0,1.0
1,86,0,1.0
2,17,0,1.0
2,23,0,1.0
5,16,0,1.0
5,37,0,1.0
6,27,0,1.0
7,20,0,1.0
7,31,0,1.0
7,36,0,1.0
7,40,0,1.0
7,44,0,1.0
7,80,0,1.0
7,89,0,1.0
12,21,0,1.0
12,48,0,1.0
13,34,0,1.0
13,43,0,1.0
14,19,0,1.0
14,32,0,1.0
15,29,0,1.0
15,38,0,1.0
15,46,0,1.0
15,50,0,1.0
15,58,0,1.0
15,61,0,1.0
15,67,0,1.0
15,74,0,1.0
15,87,0,1.0
15,94,0,1.0
15,97,0,1.0
16,37,0,1.0
17,23,0,1.0
19,32,0,1.0
20,31,0,1.0
20,36,0,1.0
20,40,0,1.0
20,44,0,1.0
20,80,0,1.0
20,89,0,1.0
21,48,0,1.0
24,51,0,1.0
25,28,0,1.0
26,35,0,1.0
26,41,0,1.0
26,63,0,1.0
26,84,0,1.0
29,38,0,1.0
29,46,0,1.0
29,50,0,1.0
29,58,0,1.0
29,61,0,1.0
29,67,0,1.0
29,74,0,1.0
29,87,0,1.0
29,94,0,1.0
29,97,0,1.0
31,36,0,1.0
31,40,0,1.0
31,44,0,1.0
31,80,0,1.0
31,89,0,1.0
34,43,0,1.0
35,41,0,1.0
35,63,0,1.0
35,84,0,1.0
36,40,0,1.0
36,44,0,1.0
36,80,0,1.0
36,89,0,1.0
38,46,0,1.0
38,50,0,1.0
38,58,0,1.0
38,61,0,1.0
38,67,0,1.0
38,74,0,1.0
38,87,0,1.0
38,94,0,1.0
38,97,0,1.0
40,44,0,1.0
40,80,0,1.0
40,89,0,1.0
41,63,0,1.0
41,84,0,1.0
44,80,0,1.0
44,89,0,1.0
46,50,0,1.0
46,58,0,1.0
46,61,0,1.0
46,67,0,1.0
46,74,0,1.0
46,87,0,1.0
46,94,0,1.0
46,97,0,1.0
47,86,0,1.0
50,58,0,1.0
50,61,0,1.0
50,67,0,1.0
50,74,0,1.0
50,87,0,1.0
50,94,0,1.0
50,97,0,1.0
52,73,0,1.0
52,82,0,1.0
52,90,0,1.0
55,59,0,1.0
55,65,0,1.0
58,61,0,1.0
58,67,0,1.0
58,74,0,1.0
58,87,0,1.0
58,94,0,1.0
58,97,0,1.0
59,65,0,1.0
61,67,0,1.0
61,74,0,1.0
61,87,0,1.0
61,94,0,1.0
61,97,0,1.0
63,84,0,1.0
64,98,0,1.0
67,74,0,1.0
67,87,0,1.0
67,94,0,1.0
67,97,0,1.0
73,82,0,1.0
73,90,0,1.0
74,87,0,1.0
74,94,0,1.0
74,97,0,1.0
80,89,0,1.0
82,90,0,1.0
87,94,0,1.0
87,97,0,1.0
92,93,0,1.0
94,97,0,1.0
96,100,0,1.0
1,7,1,0.984375
1,20,1,0.984375
1,24,1,0.984375
1,31,1,0.984375
1,36,1,0.984375
1,40,1,0.984375
1,44,1,0.984375
1,51,1,0.984375
1,55,1,0.984375
1,59,1,0.984375
1,65,1,0.984375
1,80,1,0.984375
1,89,1,0.984375
2,10,1,0.984375
2,15,1,0.984375
2,29,1,0.984375
2,38,1,0.984375
2,46,1,0.984375
2,50,1,0.984375
2,58,1,0.984375
2,61,1,0.984375
2,67,1,0.984375
2,74,1,0.984375
2,87,1,0.984375
2,94,1,0.984375
2,97,1,0.984375
3,33,1,0.984375
4,26,1,0.984375
4,35,1,0.984375
4,41,1,0.984375
4,52,1,0.984375
4,63,1,0.984375
4,73,1,0.984375
4,82,1,0.984375
4,84,1,0.984375
4,90,1,0.984375
5,12,1,0.984375
5,21,1,0.984375
5,33,1,0.984375
5,48,1,0.984375
6,13,1,0.984375
6,34,1,0.984375
6,43,1,0.984375
6,54,1,0.984375
7,14,1,0.984375
7,19,1,0.984375
7,32,1,0.984375
7,47,1,0.984375
7,86,1,0.984375
8,24,1,0.984375
8,51,1,0.984375
8,55,1,0.984375
8,59,1,0.984375
8,65,1,0.984375
9,53,1,0.984375
10,17,1,0.984375
10,23,1,0.984375
10,26,1,0.984375
10,35,1,0.984375
10,41,1,0.984375
10,63,1,0.984375
10,84,1,0.984375
12,16,1,0.984375
12,25,1,0.984375
12,28,1,0.984375
12,37,1,0.984375
12,42,1,0.984375
12,53,1,0.984375
13,18,1,0.984375
13,27,1,0.984375
13,30,1,0.984375
14,20,1,0.984375
14,24,1,0.984375
14,31,1,0.984375
14,36,1,0.984375
14,40,1,0.984375
14,44,1,0.984375
14,51,1,0.984375
14,80,1,0.984375
14,89,1,0.984375
15,17,1,0.984375
15,23,1,0.984375
15,26,1,0.984375
15,35,1,0.984375
15,41,1,0.984375
15,52,1,0.984375
15,63,1,0.984375
15,73,1,0.984375
15,82,1,0.984375
15,84,1,0.984375
15,90,1,0.984375
16,21,1,0.984375
16,33,1,0.984375
16,48,1,0.984375
17,29,1,0.984375
17,38,1,0.984375
17,46,1,0.984375
17,50,1,0.984375
17,58,1,0.984375
17,61,1,0.984375
17,67,1,0.984375
17,74,1,0.984375
17,87,1,0.984375
17,94,1,0.984375
17,97,1,0.984375
18,34,1,0.984375
18,39,1,0.984375
18,43,1,0.984375
19,20,1,0.984375
19,24,1,0.984375
19,31,1,0.984375
19,36,1,0.984375
19,40,1,0.984375
19,44,1,0.984375
19,51,1,0.984375
19,80,1,0.984375
19,89,1,0.984375
20,32,1,0.984375
20,47,1,0.984375
20,86,1,0.984375
21,25,1,0.984375
21,28,1,0.984375
21,37,1,0.984375
21,42,1,0.984375
21,53,1,0.984375
22,30,1,0.984375
23,29,1,0.984375
23,38,1,0.984375
23,46,1,0.984375
23,50,1,0.984375
23,58,1,0.984375
23,61,1,0.984375
23,67,1,0.984375
23,74,1,0.984375
23,87,1,0.984375
23,94,1,0.984375
23,97,1,0.984375
24,32,1,0.984375
24,47,1,0.984375
24,86,1,0.984375
25,33,1,0.984375
25,48,1,0.984375
26,29,1,0.984375
26,38,1,0.984375
26,46,1,0.984375
26,50,1,0.984375
26,58,1,0.984375
26,61,1,0.984375
26,67,1,0.984375
26,74,1,0.984375
26,87,1,0.984375
26,94,1,0.984375
26,97,1,0.984375
27,34,1,0.984375
27,43,1,0.984375
27,54,1,0.984375
28,33,1,0.984375
28,48,1,0.984375
29,35,1,0.984375
29,41,1,0.984375
29,52,1,0.984375
29,63,1,0.984375
29,73,1,0.984375
29,82,1,0.984375
29,84,1,0.984375
29,90,1,0.984375
30,34,1,0.984375
30,39,1,0.984375
30,43,1,0.984375
31,32,1,0.984375
31,47,1,0.984375
31,86,1,0.984375
32,36,1,0.984375
32,40,1,0.984375
32,44,1,0.984375
32,51,1,0.984375
32,80,1,0.984375
32,89,1,0.984375
33,37,1,0.984375
33,39,1,0.984375
33,60,1,0.984375
35,38,1,0.984375
35,46,1,0.984375
35,50,1,0.984375
35,58,1,0.984375
35,61,1,0.984375
35,67,1,0.984375
35,74,1,0.984375
35,87,1,0.984375
35,94,1,0.984375
35,97,1,0.984375
36,47,1,0.984375
36,86,1,0.984375
37,48,1,0.984375
38,41,1,0.984375
38,52,1,0.984375
38,63,1,0.984375
38,73,1,0.984375
38,82,1,0.984375
38,84,1,0.984375
38,90,1,0.984375
40,47,1,0.984375
40,86,1,0.984375
41,46,1,0.984375
41,50,1,0.984375
41,58,1,0.984375
41,61,1,0.984375
41,67,1,0.984375
41,74,1,0.984375
41,87,1,0.984375
41,94,1,0.984375
41,97,1,0.984375
42,48,1,0.984375
44,47,1,0.984375
44,86,1,0.984375
46,52,1,0.984375
46,63,1,0.984375
46,73,1,0.984375
46,82,1,0.984375
46,84,1,0.984375
46,90,1,0.984375
47,51,1,0.984375
47,55,1,0.984375
47,59,1,0.984375
47,65,1,0.984375
47,80,1,0.984375
47,89,1,0.984375
48,53,1,0.984375
49,54,1,0.984375
50,52,1,0.984375
50,63,1,0.984375
50,73,1,0.984375
50,82,1,0.984375
50,84,1,0.984375
50,90,1,0.984375
51,86,1,0.984375
52,58,1,0.984375
52,61,1,0.984375
52,67,1,0.984375
52,74,1,0.984375
52,87,1,0.984375
52,94,1,0.984375
52,97,1,0.984375
55,62,1,0.984375
55,86,1,0.984375
58,63,1,0.984375
58,73,1,0.984375
58,82,1,0.984375
58,84,1,0.984375
58,90,1,0.984375
59,62,1,0.984375
59,86,1,0.984375
61,63,1,0.984375
61,73,1,0.984375
61,82,1,0.984375
61,84,1,0.984375
61,90,1,0.984375
62,65,1,0.984375
63,67,1,0.984375
63,74,1,0.984375
63,87,1,0.984375
63,94,1,0.984375
63,97,1,0.984375
64,75,1,0.984375
64,77,1,0.984375
65,86,1,0.984375
67,73,1,0.984375
67,82,1,0.984375
67,84,1,0.984375
67,90,1,0.984375
69,78,1,0.984375
69,96,1,0.984375
69,100,1,0.984375
70,99,1,0.984375
71,76,1,0.984375
72,76,1,0.984375
72,88,1,0.984375
73,74,1,0.984375
73,87,1,0.984375
73,94,1,0.984375
73,97,1,0.984375
74,82,1,0.984375
74,84,1,0.984375
74,90,1,0.984375
75,98,1,0.984375
75,99,1,0.984375
76,77,1,0.984375
77,98,1,0.984375
80,86,1,0.984375
81,88,1,0.984375
82,87,1,0.984375
82,94,1,0.984375
82,97,1,0.984375
84,87,1,0.984375
84,94,1,0.984375
84,97,1,0.984375
86,89,1,0.984375
87,90,1,0.984375
90,94,1,0.984375
90,97,1,0.984375
95,96,1,0.984375
95,100,1,0.984375
1,8,2,0.96875
1,14,2,0.96875
1,19,2,0.96875
1,32,2,0.96875
1,62,2,0.96875
1,69,2,0.96875
2,26,2,0.96875
2,35,2,0.96875
2,41,2,0.96875
2,52,2,0.96875
2,63,2,0.96875
2,73,2,0.96875
2,82,2,0.96875
2,84,2,0.96875
2,90,2,0.96875
3,5,2,0.96875
3,16,2,0.96875
3,25,2,0.96875
3,28,2,0.96875
3,37,2,0.96875
3,39,2,0.96875
3,60,2,0.96875
4,10,2,0.96875
4,15,2,0.96875
4,29,2,0.96875
4,38,2,0.96875
4,46,2,0.96875
4,50,2,0.96875
4,58,2,0.96875
4,61,2,0.96875
4,67,2,0.96875
4,74,2,0.96875
4,87,2,0.96875
4,94,2,0.96875
4,97,2,0.96875
5,25,2,0.96875
5,28,2,0.96875
5,39,2,0.96875
5,42,2,0.96875
5,53,2,0.96875
5,60,2,0.96875
6,18,2,0.96875
6,30,2,0.96875
6,33,2,0.96875
6,49,2,0.96875
7,24,2,0.96875
7,51,2,0.96875
7,55,2,0.96875
7,59,2,0.96875
7,65,2,0.96875
7,78,2,0.96875
8,14,2,0.96875
8,19,2,0.96875
8,32,2,0.96875
8,47,2,0.96875
8,62,2,0.96875
8,86,2,0.96875
9,12,2,0.96875
9,21,2,0.96875
9,48,2,0.96875
10,15,2,0.96875
10,29,2,0.96875
10,38,2,0.96875
10,46,2,0.96875
10,50,2,0.96875
10,58,2,0.96875
10,61,2,0.96875
10,67,2,0.96875
10,74,2,0.96875
10,87,2,0.96875
10,94,2,0.96875
10,97,2,0.96875
11,49,2,0.96875
12,33,2,0.96875
13,22,2,0.96875
13,39,2,0.96875
13,54,2,0.96875
14,47,2,0.96875
14,86,2,0.96875
16,25,2,0.96875
16,28,2,0.96875
16,39,2,0.96875
16,42,2,0.96875
16,53,2,0.96875
16,60,2,0.96875
17,26,2,0.96875
17,35,2,0.96875
17,41,2,0.96875
17,52,2,0.96875
17,63,2,0.96875
17,73,2,0.96875
17,82,2,0.96875
17,84,2,0.96875
17,90,2,0.96875
18,27,2,0.96875
18,30,2,0.96875
18,33,2,0.96875
19,47,2,0.96875
19,86,2,0.96875
20,24,2,0.96875
20,51,2,0.96875
20,55,2,0.96875
20,59,2,0.96875
20,65,2,0.96875
20,78,2,0.96875
21,33,2,0.96875
22,34,2,0.96875
22,39,2,0.96875
22,43,2,0.96875
22,54,2,0.96875
22,64,2,0.96875
22,98,2,0.96875
23,26,2,0.96875
23,35,2,0.96875
23,41,2,0.96875
23,52,2,0.96875
23,63,2,0.96875
23,73,2,0.96875
23,82,2,0.96875
23,84,2,0.96875
23,90,2,0.96875
24,31,2,0.96875
24,36,2,0.96875
24,40,2,0.96875
24,44,2,0.96875
24,55,2,0.96875
24,59,2,0.96875
24,65,2,0.96875
24,80,2,0.96875
24,89,2,0.96875
25,37,2,0.96875
25,39,2,0.96875
25,42,2,0.96875
25,53,2,0.96875
25,60,2,0.96875
26,52,2,0.96875
26,73,2,0.96875
26,82,2,0.96875
26,90,2,0.96875
27,30,2,0.96875
27,33,2,0.96875
27,49,2,0.96875
28,37,2,0.96875
28,39,2,0.96875
28,42,2,0.96875
28,53,2,0.96875
28,60,2,0.96875
30,33,2,0.96875
31,51,2,0.96875
31,55,2,0.96875
31,59,2,0.96875
31,65,2,0.96875
31,78,2,0.96875
32,47,2,0.96875
32,86,2,0.96875
33,48,2,0.96875
34,39,2,0.96875
34,54,2,0.96875
35,52,2,0.96875
35,73,2,0.96875
35,82,2,0.96875
35,90,2,0.96875
36,51,2,0.96875
36,55,2,0.96875
36,59,2,0.96875
36,65,2,0.96875
36,78,2,0.96875
37,39,2,0.96875
37,42,2,0.96875
37,53,2,0.96875
37,60,2,0.96875
39,43,2,0.96875
39,60,2,0.96875
40,51,2,0.96875
40,55,2,0.96875
40,59,2,0.96875
40,65,2,0.96875
40,78,2,0.96875
41,52,2,0.96875
41,73,2,0.96875
41,82,2,0.96875
41,90,2,0.96875
42,53,2,0.96875
43,54,2,0.96875
44,51,2,0.96875
44,55,2,0.96875
44,59,2,0.96875
44,65,2,0.96875
44,78,2,0.96875
47,62,2,0.96875
47,69,2,0.96875
49,70,2,0.96875
49,77,2,0.96875
51,55,2,0.96875
51,59,2,0.96875
51,65,2,0.96875
51,80,2,0.96875
51,89,2,0.96875
52,63,2,0.96875
52,84,2,0.96875
54,64,2,0.96875
54,98,2,0.96875
54,99,2,0.96875
55,80,2,0.96875
55,89,2,0.96875
56,71,2,0.96875
59,80,2,0.96875
59,89,2,0.96875
60,64,2,0.96875
60,98,2,0.96875
62,86,2,0.96875
63,73,2,0.96875
63,82,2,0.96875
63,90,2,0.96875
64,76,2,0.96875
64,99,2,0.96875
65,80,2,0.96875
65,89,2,0.96875
66,75,2,0.96875
66,81,2,0.96875
66,91,2,0.96875
69,86,2,0.96875
69,95,2,0.96875
70,71,2,0.96875
70,75,2,0.96875
70,77,2,0.96875
71,72,2,0.96875
71,75,2,0.96875
71,77,2,0.96875
72,77,2,0.96875
72,81,2,0.96875
73,84,2,0.96875
75,77,2,0.96875
76,88,2,0.96875
76,98,2,0.96875
77,81,2,0.96875
78,80,2,0.96875
78,89,2,0.96875
78,96,2,0.96875
78,100,2,0.96875
81,91,2,0.96875
82,84,2,0.96875
84,90,2,0.96875
98,99,2,0.96875
1,78,3,0.953125
1,83,3,0.953125
1,96,3,0.953125
1,100,3,0.953125
2,4,3,0.953125
3,6,3,0.953125
3,12,3,0.953125
3,18,3,0.953125
3,21,3,0.953125
3,27,3,0.953125
3,30,3,0.953125
3,48,3,0.953125
3,49,3,0.953125
3,77,3,0.953125
3,81,3,0.953125
4,17,3,0.953125
4,23,3,0.953125
5,6,3,0.953125
5,9,3,0.953125
5,18,3,0.953125
5,27,3,0.953125
5,30,3,0.953125
6,16,3,0.953125
6,22,3,0.953125
6,25,3,0.953125
6,28,3,0.953125
6,37,3,0.953125
6,39,3,0.953125
6,60,3,0.953125
6,64,3,0.953125
6,98,3,0.953125
6,99,3,0.953125
7,8,3,0.953125
7,62,3,0.953125
7,69,3,0.953125
8,20,3,0.953125
8,31,3,0.953125
8,36,3,0.953125
8,40,3,0.953125
8,44,3,0.953125
8,80,3,0.953125
8,89,3,0.953125
9,16,3,0.953125
9,25,3,0.953125
9,28,3,0.953125
9,37,3,0.953125
9,42,3,0.953125
9,45,3,0.953125
10,52,3,0.953125
10,73,3,0.953125
10,82,3,0.953125
10,90,3,0.953125
11,13,3,0.953125
11,22,3,0.953125
11,34,3,0.953125
11,43,3,0.953125
11,54,3,0.953125
12,39,3,0.953125
12,60,3,0.953125
13,33,3,0.953125
13,49,3,0.953125
14,55,3,0.953125
14,59,3,0.953125
14,65,3,0.953125
14,78,3,0.953125
16,18,3,0.953125
16,27,3,0.953125
16,30,3,0.953125
18,22,3,0.953125
18,25,3,0.953125
18,28,3,0.953125
18,37,3,0.953125
18,54,3,0.953125
18,60,3,0.953125
19,55,3,0.953125
19,59,3,0.953125
19,65,3,0.953125
19,78,3,0.953125
20,62,3,0.953125
20,69,3,0.953125
21,39,3,0.953125
21,60,3,0.953125
22,27,3,0.953125
22,33,3,0.953125
22,49,3,0.953125
22,75,3,0.953125
22,77,3,0.953125
24,62,3,0.953125
24,69,3,0.953125
25,27,3,0.953125
25,30,3,0.953125
27,28,3,0.953125
27,37,3,0.953125
27,39,3,0.953125
27,60,3,0.953125
27,64,3,0.953125
27,98,3,0.953125
27,99,3,0.953125
28,30,3,0.953125
30,37,3,0.953125
30,54,3,0.953125
30,60,3,0.953125
30,64,3,0.953125
30,98,3,0.953125
31,62,3,0.953125
31,69,3,0.953125
32,55,3,0.953125
32,59,3,0.953125
32,65,3,0.953125
32,78,3,0.953125
33,34,3,0.953125
33,42,3,0.953125
33,43,3,0.953125
33,53,3,0.953125
33,54,3,0.953125
33,64,3,0.953125
33,98,3,0.953125
34,49,3,0.953125
36,62,3,0.953125
36,69,3,0.953125
39,48,3,0.953125
40,62,3,0.953125
40,69,3,0.953125
43,49,3,0.953125
44,62,3,0.953125
44,69,3,0.953125
47,78,3,0.953125
47,83,3,0.953125
47,96,3,0.953125
47,100,3,0.953125
48,60,3,0.953125
49,64,3,0.953125
49,76,3,0.953125
49,98,3,0.953125
49,99,3,0.953125
51,62,3,0.953125
51,69,3,0.953125
54,70,3,0.953125
54,75,3,0.953125
54,77,3,0.953125
55,69,3,0.953125
56,76,3,0.953125
56,88,3,0.953125
59,69,3,0.953125
60,66,3,0.953125
60,75,3,0.953125
60,77,3,0.953125
60,81,3,0.953125
62,80,3,0.953125
62,89,3,0.953125
64,66,3,0.953125
64,70,3,0.953125
64,71,3,0.953125
64,72,3,0.953125
64,81,3,0.953125
65,69,3,0.953125
66,88,3,0.953125
66,98,3,0.953125
66,99,3,0.953125
69,80,3,0.953125
69,83,3,0.953125
69,89,3,0.953125
70,76,3,0.953125
70,98,3,0.953125
71,88,3,0.953125
71,98,3,0.953125
71,99,3,0.953125
72,98,3,0.953125
75,76,3,0.953125
76,81,3,0.953125
77,88,3,0.953125
77,99,3,0.953125
78,86,3,0.953125
78,95,3,0.953125
81,98,3,0.953125
83,86,3,0.953125
86,96,3,0.953125
86,100,3,0.953125
88,91,3,0.953125
1,95,4,0.9375
3,13,4,0.9375
3,22,4,0.9375
3,34,4,0.9375
3,42,4,0.9375
3,43,4,0.9375
3,53,4,0.9375
3,54,4,0.9375
3,64,4,0.9375
3,76,4,0.9375
3,88,4,0.9375
3,98,4,0.9375
5,13,4,0.9375
5,22,4,0.9375
5,34,4,0.9375
5,43,4,0.9375
5,45,4,0.9375
5,54,4,0.9375
5,64,4,0.9375
5,98,4,0.9375
6,11,4,0.9375
6,12,4,0.9375
6,21,4,0.9375
6,48,4,0.9375
6,70,4,0.9375
6,75,4,0.9375
6,77,4,0.9375
6,92,4,0.9375
6,93,4,0.9375
7,83,4,0.9375
7,96,4,0.9375
7,100,4,0.9375
8,69,4,0.9375
9,33,4,0.9375
9,92,4,0.9375
9,93,4,0.9375
11,18,4,0.9375
11,27,4,0.9375
11,30,4,0.9375
11,70,4,0.9375
11,77,4,0.9375
12,18,4,0.9375
12,27,4,0.9375
12,30,4,0.9375
13,16,4,0.9375
13,25,4,0.9375
13,28,4,0.9375
13,37,4,0.9375
13,60,4,0.9375
13,64,4,0.9375
13,98,4,0.9375
13,99,4,0.9375
14,62,4,0.9375
14,69,4,0.9375
16,22,4,0.9375
16,34,4,0.9375
16,43,4,0.9375
16,45,4,0.9375
16,54,4,0.9375
16,64,4,0.9375
16,98,4,0.9375
18,21,4,0.9375
18,48,4,0.9375
18,49,4,0.9375
18,92,4,0.9375
18,93,4,0.9375
19,62,4,0.9375
19,69,4,0.9375
20,83,4,0.9375
20,96,4,0.9375
20,100,4,0.9375
21,27,4,0.9375
21,30,4,0.9375
22,25,4,0.9375
22,28,4,0.9375
22,37,4,0.9375
22,60,4,0.9375
22,76,4,0.9375
22,99,4,0.9375
24,78,4,0.9375
24,83,4,0.9375
24,96,4,0.9375
24,100,4,0.9375
25,34,4,0.9375
25,43,4,0.9375
25,54,4,0.9375
25,64,4,0.9375
25,98,4,0.9375
27,48,4,0.9375
27,70,4,0.9375
27,75,4,0.9375
27,77,4,0.9375
27,92,4,0.9375
27,93,4,0.9375
28,34,4,0.9375
28,43,4,0.9375
28,54,4,0.9375
28,64,4,0.9375
28,98,4,0.9375
30,48,4,0.9375
30,49,4,0.9375
30,75,4,0.9375
30,77,4,0.9375
31,83,4,0.9375
31,96,4,0.9375
31,100,4,0.9375
32,62,4,0.9375
32,69,4,0.9375
33,49,4,0.9375
33,66,4,0.9375
33,75,4,0.9375
33,77,4,0.9375
33,81,4,0.9375
33,92,4,0.9375
33,93,4,0.9375
34,37,4,0.9375
34,60,4,0.9375
34,64,4,0.9375
34,98,4,0.9375
34,99,4,0.9375
36,83,4,0.9375
36,96,4,0.9375
36,100,4,0.9375
37,43,4,0.9375
37,45,4,0.9375
37,54,4,0.9375
37,64,4,0.9375
37,98,4,0.9375
39,42,4,0.9375
39,45,4,0.9375
39,53,4,0.9375
39,54,4,0.9375
39,64,4,0.9375
39,98,4,0.9375
40,83,4,0.9375
40,96,4,0.9375
40,100,4,0.9375
42,60,4,0.9375
43,60,4,0.9375
43,64,4,0.9375
43,98,4,0.9375
43,99,4,0.9375
44,83,4,0.9375
44,96,4,0.9375
44,100,4,0.9375
45,53,4,0.9375
47,95,4,0.9375
49,71,4,0.9375
49,72,4,0.9375
49,75,4,0.9375
49,81,4,0.9375
51,78,4,0.9375
51,83,4,0.9375
51,96,4,0.9375
51,100,4,0.9375
53,60,4,0.9375
54,60,4,0.9375
54,76,4,0.9375
55,78,4,0.9375
55,83,4,0.9375
55,96,4,0.9375
55,100,4,0.9375
56,66,4,0.9375
56,70,4,0.9375
56,72,4,0.9375
56,75,4,0.9375
56,77,4,0.9375
56,81,4,0.9375
56,91,4,0.9375
59,78,4,0.9375
59,83,4,0.9375
59,96,4,0.9375
59,100,4,0.9375
60,76,4,0.9375
60,88,4,0.9375
60,99,4,0.9375
62,69,4,0.9375
62,95,4,0.9375
64,88,4,0.9375
65,78,4,0.9375
65,83,4,0.9375
65,96,4,0.9375
65,100,4,0.9375
66,70,4,0.9375
66,71,4,0.9375
66,72,4,0.9375
66,77,4,0.9375
70,72,4,0.9375
70,81,4,0.9375
70,91,4,0.9375
71,81,4,0.9375
71,91,4,0.9375
72,75,4,0.9375
72,91,4,0.9375
75,81,4,0.9375
75,91,4,0.9375
76,99,4,0.9375
77,91,4,0.9375
78,83,4,0.9375
80,83,4,0.9375
80,96,4,0.9375
80,100,4,0.9375
83,89,4,0.9375
83,96,4,0.9375
83,100,4,0.9375
86,95,4,0.9375
88,98,4,0.9375
89,96,4,0.9375
89,100,4,0.9375
3,9,5,0.921875
3,11,5,0.921875
3,56,5,0.921875
3,66,5,0.921875
3,70,5,0.921875
3,71,5,0.921875
3,72,5,0.921875
3,75,5,0.921875
3,91,5,0.921875
3,92,5,0.921875
3,93,5,0.921875
5,49,5,0.921875
5,66,5,0.921875
5,75,5,0.921875
5,77,5,0.921875
5,81,5,0.921875
5,92,5,0.921875
5,93,5,0.921875
6,42,5,0.921875
6,53,5,0.921875
6,76,5,0.921875
7,95,5,0.921875
8,78,5,0.921875
8,83,5,0.921875
8,96,5,0.921875
8,100,5,0.921875
9,39,5,0.921875
9,60,5,0.921875
11,39,5,0.921875
11,64,5,0.921875
11,76,5,0.921875
11,98,5,0.921875
11,99,5,0.921875
12,13,5,0.921875
12,22,5,0.921875
12,34,5,0.921875
12,43,5,0.921875
12,45,5,0.921875
12,54,5,0.921875
12,64,5,0.921875
12,98,5,0.921875
13,21,5,0.921875
13,48,5,0.921875
13,70,5,0.921875
13,75,5,0.921875
13,77,5,0.921875
13,92,5,0.921875
13,93,5,0.921875
14,83,5,0.921875
14,96,5,0.921875
14,100,5,0.921875
16,49,5,0.921875
16,66,5,0.921875
16,75,5,0.921875
16,77,5,0.921875
16,81,5,0.921875
16,92,5,0.921875
16,93,5,0.921875
18,42,5,0.921875
18,45,5,0.921875
18,53,5,0.921875
18,64,5,0.921875
18,98,5,0.921875
18,99,5,0.921875
19,83,5,0.921875
19,96,5,0.921875
19,100,5,0.921875
20,95,5,0.921875
21,22,5,0.921875
21,34,5,0.921875
21,43,5,0.921875
21,45,5,0.921875
21,54,5,0.921875
21,64,5,0.921875
21,98,5,0.921875
22,48,5,0.921875
22,66,5,0.921875
22,70,5,0.921875
22,71,5,0.921875
22,72,5,0.921875
22,81,5,0.921875
24,95,5,0.921875
25,49,5,0.921875
25,56,5,0.921875
25,66,5,0.921875
25,75,5,0.921875
25,77,5,0.921875
25,81,5,0.921875
25,92,5,0.921875
25,93,5,0.921875
27,42,5,0.921875
27,53,5,0.921875
27,76,5,0.921875
28,49,5,0.921875
28,56,5,0.921875
28,66,5,0.921875
28,75,5,0.921875
28,77,5,0.921875
28,81,5,0.921875
28,92,5,0.921875
28,93,5,0.921875
30,42,5,0.921875
30,45,5,0.921875
30,53,5,0.921875
30,76,5,0.921875
30,99,5,0.921875
31,95,5,0.921875
32,83,5,0.921875
32,96,5,0.921875
32,100,5,0.921875
33,45,5,0.921875
33,76,5,0.921875
33,88,5,0.921875
33,99,5,0.921875
34,48,5,0.921875
34,70,5,0.921875
34,75,5,0.921875
34,77,5,0.921875
34,92,5,0.921875
34,93,5,0.921875
36,95,5,0.921875
37,49,5,0.921875
37,66,5,0.921875
37,75,5,0.921875
37,77,5,0.921875
37,81,5,0.921875
37,92,5,0.921875
37,93,5,0.921875
39,49,5,0.921875
39,66,5,0.921875
39,75,5,0.921875
39,77,5,0.921875
39,81,5,0.921875
39,92,5,0.921875
39,93,5,0.921875
40,95,5,0.921875
43,48,5,0.921875
43,70,5,0.921875
43,75,5,0.921875
43,77,5,0.921875
43,92,5,0.921875
43,93,5,0.921875
44,95,5,0.921875
45,48,5,0.921875
45,92,5,0.921875
45,93,5,0.921875
48,54,5,0.921875
48,64,5,0.921875
48,98,5,0.921875
49,60,5,0.921875
49,88,5,0.921875
51,95,5,0.921875
53,92,5,0.921875
53,93,5,0.921875
54,66,5,0.921875
54,71,5,0.921875
54,72,5,0.921875
54,81,5,0.921875
54,92,5,0.921875
54,93,5,0.921875
55,95,5,0.921875
56,57,5,0.921875
56,60,5,0.921875
56,64,5,0.921875
56,98,5,0.921875
56,99,5,0.921875
57,66,5,0.921875
57,81,5,0.921875
57,91,5,0.921875
59,95,5,0.921875
60,70,5,0.921875
60,71,5,0.921875
60,72,5,0.921875
60,91,5,0.921875
60,92,5,0.921875
60,93,5,0.921875
62,78,5,0.921875
62,83,5,0.921875
62,96,5,0.921875
62,100,5,0.921875
64,91,5,0.921875
65,95,5,0.921875
66,76,5,0.921875
70,88,5,0.921875
72,99,5,0.921875
75,88,5,0.921875
76,91,5,0.921875
80,95,5,0.921875
81,99,5,0.921875
83,95,5,0.921875
89,95,5,0.921875
91,98,5,0.921875
91,99,5,0.921875
