k,seed,split,auroc,f1,accuracy,precision,recall,loss
1,1,ood,0.5053607364802715,0.5907868305471383,0.5035932595407236,0.5025195482189401,0.7166694201222534,2.2742440282038685
1,1,test,0.9992873240634434,0.9933938893476466,0.9926639156350298,0.9893092105263158,0.9975124378109452,0.023464494481838
1,2,ood,0.47806960646564683,0.6191298981795742,0.49017016355526183,0.49413908589440503,0.8287625970593094,4.0057994433269
1,2,test,0.999895394820768,0.9958540630182421,0.9954149472718936,0.9958540630182421,0.9958540630182421,0.01810971565592426
1,3,ood,0.4874870625570825,0.6389578163771712,0.4952089872790352,0.49733284282166834,0.8933586651247315,4.238065614513905
1,3,test,0.9995598928434749,0.9971014492753624,0.9967904630903255,0.9958643507030603,0.9983416252072969,0.022355245661737685
1,4,ood,0.48217421928207327,0.6235853396718295,0.49310259375516274,0.49592663056734476,0.8397488848504874,3.1128351732084583
1,4,test,0.9996309053025472,0.9970990468296727,0.9967904630903255,0.9966859983429992,0.9975124378109452,0.012284143942741903
1,5,ood,0.48005290646865734,0.6441419117861411,0.4958285147860565,0.4977249177816822,0.9126053196761936,4.441386512388636
1,5,test,0.999147850491134,0.9983429991714996,0.9981659789087575,0.9975165562913907,0.9991708126036484,0.012105612078087595
1,6,ood,0.5025105005460193,0.5700874759974397,0.5006608293408227,0.5004995004995005,0.662150999504378,2.5785347515006047
1,6,test,0.9999906450652719,0.9991708126036484,0.9990829894543787,0.9991708126036484,0.9991708126036484,0.004545257583125984
1,7,ood,0.5095722134417634,0.4834850455136541,0.50784734842227,0.5086647209047793,0.4606806542210474,3.5452703924128683
1,7,test,0.9981022239231194,0.9979278905926233,0.9977074736359468,0.9975144987572494,0.9983416252072969,0.018092600290111623
1,8,ood,0.4772567013572957,0.6634636747389469,0.49950437799438296,0.4997489749811731,0.9867008095159425,4.410349746560557
1,8,test,0.9988255304673216,0.9979296066252588,0.9977074736359468,0.9966914805624483,0.9991708126036484,0.014576007609307915
1,9,ood,0.5232291018247892,0.467456965072444,0.5157359986783413,0.5192210675007567,0.4250784734842227,2.747802953030348
1,9,test,0.9996007143768337,0.9966832504145937,0.9963319578175149,0.9966832504145937,0.9966832504145937,0.02136416895044259
1,10,ood,0.4977088809027607,0.6414165103189493,0.49479596894102096,0.4971371444151595,0.9036841235750868,5.5596570600853745
1,10,test,0.999623676489348,0.9966777408637874,0.9963319578175149,0.9983361064891847,0.9950248756218906,0.024788412657746936
1,11,ood,0.5164005160484337,0.4969650664289656,0.5105319676193623,0.5111324543787654,0.48356187014703456,3.6647555845416835
1,11,test,0.9999170812603648,0.9966777408637874,0.9963319578175149,0.9983361064891847,0.9950248756218906,0.01568034406396243
1,12,ood,0.5077834305421882,0.5051426675514267,0.5071865190814472,0.5072463768115942,0.5030563357013051,3.3282032782996818
1,12,test,0.9999880937194371,0.998756734355574,0.9986244841815681,0.9983429991714996,0.9991708126036484,0.005019430467180665
1,13,ood,0.5064130291462258,0.5195606862273529,0.5049562200561705,0.5046721694440118,0.5353543697340162,3.8596312275335998
1,13,test,0.9992783943530212,0.9966859983429992,0.9963319578175149,0.9958609271523179,0.9975124378109452,0.01943435803493059
1,14,ood,0.4883056754110102,0.5853311661926046,0.4942177432678011,0.4959830138872948,0.7139434990913597,4.531461871402581
1,14,test,0.9997958923332058,0.9979278905926233,0.9977074736359468,0.9975144987572494,0.9983416252072969,0.015265885305630991
1,15,ood,0.5159919533683532,0.4715381870092791,0.5107384767883694,0.5126091173617847,0.43656038328101765,4.508714130879079
1,15,test,0.9997865373984777,0.9966832504145937,0.9963319578175149,0.9966832504145937,0.9966832504145937,0.02699429156669741
1,16,ood,0.484777609719792,0.5329044465468307,0.4902114653890633,0.4917242824219568,0.5816124235916075,3.186311986203868
1,16,test,0.9997984436790408,0.9958540630182421,0.9954149472718936,0.9958540630182421,0.9958540630182421,0.018462176921868533
1,17,ood,0.49732587172798115,0.6007607077889863,0.5014455641830498,0.5009653042087263,0.7502065091690071,2.901668278365107
1,17,test,0.9995934855636349,0.9975124378109452,0.9972489683631361,0.9975124378109452,0.9975124378109452,0.012565835195688862
1,18,ood,0.4953671733707282,0.6196541175001561,0.49677845696348916,0.49804295463669207,0.8198414009582026,3.4086224922966926
1,18,test,0.99899562018965,0.9975165562913907,0.9972489683631361,0.9958677685950413,0.9991708126036484,0.017544224544336972
1,19,ood,0.5094255827202243,0.5407576167123606,0.5087972905997026,0.5077224276702197,0.5783908805550967,3.7627368542603175
1,19,test,0.999871582259642,0.9962640099626401,0.9958734525447043,0.9975062344139651,0.9950248756218906,0.018089061496895105
1,20,ood,0.5251867459720101,0.48152562574493446,0.5149099620023129,0.5171138712430075,0.4505204031058979,4.166740710385724
1,20,test,0.9998154526512736,0.9979278905926233,0.9977074736359468,0.9975144987572494,0.9983416252072969,0.016754955380009418
2,1,ood,0.4828403230847378,0.6125003951819418,0.4937634230959855,0.4961331626120358,0.8001817280687262,2.3555233108477673
2,1,test,0.9995590769612481,0.9930666666666667,0.9921307506053268,0.9967880085653105,0.9893730074388948,0.025266644144022184
2,2,ood,0.4906454041669313,0.6377294481129218,0.5060300677350075,0.5034914865123398,0.8695688088551131,2.696427195417834
2,2,test,0.9993587932758489,0.9936034115138592,0.9927360774818402,0.9967914438502674,0.9904357066950054,0.024102896871017247
2,3,ood,0.4884720904819805,0.6439136048832023,0.49884354865356023,0.4993627674101047,0.9062448372707749,2.2608737004588666
2,3,test,0.9973993013985482,0.9872340425531915,0.9854721549636803,0.9882854100106496,0.9861849096705633,0.05236462850119166
2,4,ood,0.5150079967119019,0.6571970232873999,0.4996282834957872,0.4998063266623628,0.9592763918717991,4.48912931703309
2,4,test,0.9975270943470677,0.9957537154989384,0.9951573849878934,0.9946977730646872,0.9968119022316685,0.03740935781804812
2,5,ood,0.49994417122019447,0.6637775370169736,0.5001239055014043,0.5000627851492194,0.9868660168511482,7.317692628123781
2,5,test,0.9998699650699273,0.9968119022316685,0.9963680387409201,0.9968119022316685,0.9968119022316685,0.02440586499562049
2,6,ood,0.5025404005353995,0.6220261540885458,0.5045845035519577,0.5028274491823322,0.8152981992400462,2.104667999293247
2,6,test,0.9995157319845572,0.9914438502673797,0.9903147699757869,0.9978471474703983,0.9851222104144527,0.030040980895417027
2,7,ood,0.5169242844383943,0.46423739514747003,0.5093342144391211,0.5112236789829162,0.42516107715182555,3.4172265115470837
2,7,test,0.9996517455321043,0.9957492029755579,0.9951573849878934,0.9957492029755579,0.9957492029755579,0.01921657082927525
2,8,ood,0.4795831347847579,0.6495310871830496,0.4999173963323972,0.49995544069156045,0.9268131505038824,2.4471241001044666
2,8,test,0.9984433174750506,0.9904559915164369,0.9891041162227603,0.9883597883597883,0.9925611052072264,0.03847210338930241
2,9,ood,0.5182839049162324,0.44919238467625566,0.5112754006277879,0.5145568945291671,0.39856269618371054,2.435402464992619
2,9,test,0.9983827839731201,0.993059263214095,0.9921307506053268,0.9978540772532188,0.9883103081827843,0.03381481027743295
2,10,ood,0.4775966175647248,0.631674481924066,0.49715017346770196,0.4983531433481312,0.8623822897736659,2.4827955642929167
2,10,test,0.9993453413865311,0.9930740543420352,0.9921307506053268,0.9957264957264957,0.9904357066950054,0.026888121388765285
2,11,ood,0.5164637277101447,0.4035440998791784,0.5106558731207665,0.5166279969064191,0.331075499752189,2.034590907581889
2,11,test,0.9986428538332655,0.9941458222458754,0.9933414043583535,0.9957356076759062,0.9925611052072264,0.027924852170354616
2,12,ood,0.5181498940099282,0.5678382808231652,0.5099537419461424,0.50785067431103,0.64389558896415,2.9807440693658758
2,12,test,0.9997503927204353,0.997874601487779,0.9975786924939467,0.997874601487779,0.997874601487779,0.011011111393879848
2,13,ood,0.5161106424065258,0.5048082927438491,0.5087146869320998,0.5088543852287033,0.5008260366760284,2.639549883857586
2,13,test,0.9988266963206094,0.9925531914893617,0.9915254237288136,0.9936102236421726,0.9914984059511158,0.02525851175596472
2,14,ood,0.48401392496137086,0.5966930738634496,0.4932678010903684,0.49555009555009555,0.7497108871633901,3.5424564264645824
2,14,test,0.9983835313003044,0.9920255183413078,0.9909200968523002,0.9925531914893617,0.9914984059511158,0.0449390201987486
2,15,ood,0.5205799573070184,0.5288622754491018,0.5125557574756319,0.511742892459827,0.5471666942012225,2.888181161061618
2,15,test,0.99945744046418,0.9962864721485412,0.9957627118644068,0.9947033898305084,0.997874601487779,0.020691126361690786
2,16,ood,0.5147505340580257,0.4588310385702562,0.5097472327771353,0.512006512006512,0.4156616553774988,2.2492774949363548
2,16,test,0.9981690483984031,0.9914712153518124,0.9903147699757869,0.9946524064171123,0.9883103081827843,0.04391484298908976
2,17,ood,0.47559222653771305,0.6596599690880989,0.4997934908309929,0.49989352187060776,0.9695192466545515,3.6101096993356223
2,17,test,0.9979284090450504,0.9931107578166402,0.9921307506053268,0.9904862579281184,0.9957492029755579,0.03374475155760592
2,18,ood,0.500841164078232,0.6411203814064362,0.5025607136956881,0.5014449519903048,0.8886502560713696,3.5125579318998055
2,18,test,0.9994649137360231,0.9962864721485412,0.9957627118644068,0.9947033898305084,0.997874601487779,0.027965921077461296
2,19,ood,0.5133975185983802,0.4667474965198258,0.5095407236081282,0.5113647545016236,0.42929126053196764,2.951536973921122
2,19,test,0.9997070477437445,0.9962746141564662,0.9957627118644068,0.997867803837953,0.9946865037194474,0.01807626281375773
2,20,ood,0.5218840389981018,0.24938036224976168,0.5121840409714191,0.5406448057316064,0.16206839583677515,3.068354926351335
2,20,test,0.9999162993553555,0.997872340425532,0.9975786924939467,0.9989350372736954,0.9968119022316685,0.013583384090452455
3,1,ood,0.477236053852078,0.6575242377406211,0.4966545514620849,0.498275054303846,0.9663803072856435,3.3201340669526163
3,1,test,0.9996756481846678,0.9869055823569952,0.9848605577689243,0.9781420765027322,0.9958275382475661,0.0396785883949633
3,2,ood,0.5075609478736058,0.6415339616509588,0.49888485048736164,0.4993790534014075,0.8968280191640509,3.2424442260544577
3,2,test,0.9993616756274262,0.9951287404314544,0.9944223107569721,0.9958217270194986,0.9944367176634215,0.023367277330544313
3,3,ood,0.48900645214750293,0.6182655023486019,0.4998760944985957,0.499923527912312,0.8100115645134643,1.9913263042780966
3,3,test,0.999045108255662,0.9923451635351427,0.9912350597609562,0.9930362116991643,0.9916550764951322,0.03880693762766896
3,4,ood,0.47617206252528566,0.6480198591386676,0.496365438625475,0.498047741591978,0.9272261688418966,3.285883303031958
3,4,test,0.9992890208207917,0.9930555555555556,0.9920318725099602,0.9916782246879334,0.9944367176634215,0.0338128418145061
3,5,ood,0.5002746097723865,0.6569472689256151,0.5053279365603833,0.5028280790985223,0.9472988600693871,4.183204952602431
3,5,test,0.9999532933385922,0.9972183588317107,0.9968127490039841,0.9972183588317107,0.9972183588317107,0.01113888842733104
3,6,ood,0.4719123000149923,0.6603208376494303,0.49888485048736164,0.4994282810316351,0.9741450520403105,3.9001492080641627
3,6,test,0.9994654682083326,0.9910282953761215,0.9896414342629483,0.9835616438356164,0.9986091794158554,0.03399242489376775
3,7,ood,0.5278354128541678,0.42681017612524463,0.5161077151825542,0.5233981281497481,0.3603171980835949,2.100036014023986
3,7,test,0.9992137711996347,0.9930555555555556,0.9920318725099602,0.9916782246879334,0.9944367176634215,0.02474173943337519
3,8,ood,0.48659841467554255,0.6202256944444444,0.4940525359325954,0.4964267990074442,0.8262844870312241,3.7496587150660066
3,8,test,0.9999403192659789,0.9979123173277662,0.9976095617529881,0.9986072423398329,0.9972183588317107,0.01201203972325402
3,9,ood,0.5022234040140333,0.5819203162384271,0.5020237898562696,0.5014641725930795,0.6931273748554436,2.9185158465072374
3,9,test,0.9999429140805015,0.9965156794425087,0.9960159362549801,0.9986033519553073,0.9944367176634215,0.010010245306330035
3,10,ood,0.4779944641486572,0.6286060973760048,0.49434164876920533,0.49671604583153556,0.8558566000330414,2.9565831854289875
3,10,test,0.9996938118863263,0.9930458970792768,0.9920318725099602,0.9930458970792768,0.9930458970792768,0.02552659897528429
3,11,ood,0.5237455623898692,0.4547835032264098,0.5184206178754337,0.5240301724137931,0.40170163555261856,3.165090995074263
3,11,test,0.9986532912627406,0.9965108164689462,0.9960159362549801,1.0,0.9930458970792768,0.026370943559777517
3,12,ood,0.5145450961574651,0.397787251319529,0.5099124401123409,0.5157936299026059,0.3237237733355361,1.9587121134232657
3,12,test,0.9981784402050942,0.9937282229965156,0.9928286852589642,0.9958100558659218,0.9916550764951322,0.033669031772296874
3,13,ood,0.5291867292957039,0.45555607673905907,0.520609615066909,0.5270812981656355,0.40112340987939865,2.776962121931376
3,13,test,0.9967772403628589,0.9930167597765364,0.9920318725099602,0.9971949509116409,0.9888734353268428,0.040334331986377946
3,14,ood,0.48695866792504083,0.6397076301402425,0.49917396332397157,0.49953596287703017,0.8892284817445895,2.6997867196089684
3,14,test,0.9995614763456708,0.9965253648366922,0.9960159362549801,0.9958333333333333,0.9972183588317107,0.017491370367861237
3,15,ood,0.4707871474479424,0.655807245270213,0.49731538080290766,0.498602451085788,0.9577895258549479,2.9320711883983255
3,15,test,0.9999558881531148,0.9986072423398329,0.998406374501992,1.0,0.9972183588317107,0.009823396911087912
3,16,ood,0.512223995190455,0.5238590872698159,0.5087559887659012,0.5082336492154731,0.5404757971253924,2.931887299097986
3,16,test,0.9995796400473295,0.9951083158630328,0.9944223107569721,1.0,0.9902642559109874,0.020701112078859295
3,17,ood,0.49645291758801446,0.6576700943794901,0.4981414174789361,0.4990380093206208,0.9641500082603668,3.809874945678816
3,17,test,0.9991956074979761,0.9944444444444445,0.9936254980079682,0.9930651872399445,0.9958275382475661,0.028270485157872827
3,18,ood,0.4796121306781561,0.6577294144043079,0.4959524202874608,0.49791932059447985,0.9686106063109202,5.025645517153772
3,18,test,0.9997249496605983,0.9958333333333333,0.9952191235059761,0.9944521497919556,0.9972183588317107,0.019754025363954496
3,19,ood,0.5256090816161627,0.4515134529147982,0.5150338675037172,0.5195656847989679,0.3992235255245333,2.693326085412203
3,19,test,0.9973922114047289,0.9965108164689462,0.9960159362549801,1.0,0.9930458970792768,0.019727949386287948
3,20,ood,0.5293065339542014,0.411194292317741,0.5159838096811499,0.5248172373989997,0.3380142078308277,2.89082116959432
3,20,test,0.998497602391381,0.9937194696441033,0.9928286852589642,0.9971988795518207,0.9902642559109874,0.026711579895345495
4,1,ood,0.4998266148607614,0.6487881247825583,0.49966958532958866,0.4998213168944876,0.9242524368081942,3.6683187445267653
4,1,test,0.9979612870789342,0.990234375,0.9888888888888889,0.9863813229571985,0.9941176470588236,0.04129036584596053
4,2,ood,0.4733470184579417,0.5971786833855799,0.4905005782256732,0.4937898261151312,0.7553279365603833,2.035100217263954
4,2,test,0.9958471593765711,0.9921568627450981,0.9911111111111112,0.9921568627450981,0.9921568627450981,0.03887451207265258
4,3,ood,0.4848351102242434,0.6662620689655172,0.5003304146704114,0.5001656726308814,0.9975218899719147,3.4230231010400267
4,3,test,0.999512317747612,0.9873908826382153,0.9855555555555555,0.9769673704414588,0.9980392156862745,0.04658095189972363
4,4,ood,0.48688534744674694,0.6577037745401362,0.49735668263670907,0.49863527806209484,0.9658020816124236,3.1006555061712318
4,4,test,0.9986877828054299,0.9882583170254403,0.9866666666666667,0.986328125,0.9901960784313726,0.048217615284274554
4,5,ood,0.4846356598272613,0.5979596492943515,0.49054188005947463,0.49383580080753703,0.7577234429208657,3.0771450794042337
4,5,test,0.9958823529411764,0.9911504424778761,0.99,0.9940828402366864,0.9882352941176471,0.044728066538388296
4,6,ood,0.4752062935506446,0.654644129119792,0.49537419461424087,0.49759367480233757,0.9565504708409054,4.416602184957053
4,6,test,0.9991603821015586,0.9951028403525954,0.9944444444444445,0.9941291585127201,0.996078431372549,0.03508978330701838
4,7,ood,0.4802769448646652,0.6612948352078787,0.5,0.5,0.9762101437303816,3.2430123161921913
4,7,test,0.9975967823026647,0.9951124144672532,0.9944444444444445,0.9922027290448343,0.9980392156862745,0.02418415205240057
4,8,ood,0.4912324729223595,0.6239699913909729,0.49487857260862383,0.4969634636105397,0.8381794151660333,2.9534518836235906
4,8,test,0.9988084464555053,0.9883040935672515,0.9866666666666667,0.9825581395348837,0.9941176470588236,0.048100191144401144
4,9,ood,0.4803321151896613,0.650472643941564,0.4960350239550636,0.49789510612173304,0.9378820419626631,3.0560780059210364
4,9,test,0.9982051282051282,0.9901960784313726,0.9888888888888889,0.9901960784313726,0.9901960784313726,0.040382265253795374
4,10,ood,0.497544860833222,0.6416525888385051,0.5006195275070213,0.5003466605038133,0.8941847018007599,2.0397924847330016
4,10,test,0.9962242332830569,0.9892682926829268,0.9877777777777778,0.9844660194174757,0.9941176470588236,0.058714023755124675
4,11,ood,0.5006151503177956,0.6463204096561814,0.500784734842227,0.5004304680773937,0.9122749050057822,2.2570701211720428
4,11,test,0.9971794871794871,0.9921875,0.9911111111111112,0.9883268482490273,0.996078431372549,0.04452058456131611
4,12,ood,0.5067242258065757,0.3884796398608553,0.5062778787378159,0.5102123085192153,0.3136461258879894,3.2364197021825154
4,12,test,0.9993866264454501,0.9892051030421982,0.9877777777777778,0.9901768172888016,0.9882352941176471,0.03615475748891436
4,13,ood,0.5154091560399794,0.17125129265770425,0.5035106558731207,0.5177157148812005,0.10259375516272923,3.3088182433003306
4,13,test,0.9992609351432881,0.9921414538310412,0.9911111111111112,0.9940944881889764,0.9901960784313726,0.030620677816151673
4,14,ood,0.4957480707137615,0.6312570026950913,0.49706756980009914,0.4983028158913802,0.8609780274244176,1.7687774009540027
4,14,test,0.9951734539969834,0.9704724409448819,0.9666666666666667,0.974308300395257,0.9666666666666667,0.09315880463490712
4,15,ood,0.4925197452515446,0.6547146649918639,0.5004543201718157,0.5002399336910527,0.9472162564017842,3.5910311404679
4,15,test,0.9965510306686777,0.9863013698630136,0.9844444444444445,0.984375,0.9882352941176471,0.06100484939163615
4,16,ood,0.47050297813992803,0.6403759705762158,0.49116140756649596,0.49516973636691947,0.9060796299355691,3.0200048776428354
4,16,test,0.9968024132730015,0.9912023460410557,0.99,0.9883040935672515,0.9941176470588236,0.038825086982326645
4,17,ood,0.49791186580327984,0.648918085688766,0.49673715512968775,0.4982522897216937,0.9301999008755989,3.906037742451948
4,17,test,0.9980769230769231,0.9941291585127201,0.9933333333333333,0.9921875,0.996078431372549,0.03836850510510728
4,18,ood,0.48670057752150186,0.653752339894492,0.4957872129522551,0.4977971665514858,0.952007269122749,3.5295136703568595
4,18,test,0.9974786324786324,0.9891838741396264,0.9877777777777778,0.9921104536489151,0.9862745098039216,0.04366655003054645
4,19,ood,0.5187302758667729,0.4749767688835789,0.5099537419461424,0.511483846373773,0.4433338840244507,2.9077024718099413
4,19,test,0.9981900452488689,0.9891625615763546,0.9877777777777778,0.994059405940594,0.984313725490196,0.05426356599441376
4,20,ood,0.512436669270554,0.3931231506989083,0.5086733850982984,0.5140074706510138,0.31827193127374853,3.5833286984751056
4,20,test,0.9989190548014077,0.9911851126346719,0.99,0.9902152641878669,0.9921568627450981,0.042181789335606075
5,1,ood,0.49767682814143877,0.5506204852750509,0.49896745415496446,0.4991604540264625,0.6139104576243185,2.977795138541742
5,1,test,0.9935386949038827,0.9771428571428571,0.9751552795031055,0.9799426934097422,0.9743589743589743,0.12531039483257614
5,2,ood,0.4727086618727153,0.654080217385151,0.4952502891128366,0.49752400637299227,0.9544027754832315,3.614602135319344
5,2,test,0.995162529292222,0.9857142857142858,0.984472049689441,0.9885386819484241,0.9829059829059829,0.0877152317691417
5,3,ood,0.4833675679796251,0.6269781004161225,0.49277217908475135,0.4957967046164193,0.8525524533289278,3.706894885422908
5,3,test,0.9923961766965179,0.98,0.9782608695652174,0.9828080229226361,0.9772079772079773,0.1297917165585594
5,4,ood,0.48831343357804013,0.6402926115581565,0.4922765570791343,0.4957632878698627,0.9037667272426896,2.341578383407158
5,4,test,0.9921725348346508,0.9757489300998573,0.9736024844720497,0.9771428571428571,0.9743589743589743,0.11368985403151739
5,5,ood,0.4940592978882037,0.5623663578047042,0.49281348091855276,0.49454682211357653,0.65174293738642,1.9380461393290813
5,5,test,0.9982011415458515,0.9871244635193133,0.9860248447204969,0.9913793103448276,0.9829059829059829,0.05126895610287431
5,6,ood,0.48209100833490526,0.6529727262353076,0.4976044936395176,0.49873616316569336,0.9453163720469189,2.9216589416516268
5,6,test,0.9958772108942757,0.9843081312410842,0.9829192546583851,0.9857142857142858,0.9829059829059829,0.0847295215187062
5,7,ood,0.5185089872872233,0.37848543284515557,0.5074756319180571,0.5127806806948171,0.2999339170659177,1.990564377995668
5,7,test,0.9956730161508319,0.9798270893371758,0.9782608695652174,0.9912536443148688,0.9686609686609686,0.07442645961418748
5,8,ood,0.48587917391092056,0.6344811123709495,0.4940525359325954,0.4966367713004484,0.8782421939534115,1.8484153578419589
5,8,test,0.9757202726486003,0.9646393210749646,0.9611801242236024,0.9578651685393258,0.9715099715099715,0.19656303717887827
5,9,ood,0.4917592197115359,0.6118292955408726,0.4977283991409219,0.4985694220465068,0.7916735503056336,3.1328350148130517
5,9,test,0.9976274515523663,0.9899856938483548,0.9891304347826086,0.9942528735632183,0.9857549857549858,0.06253886356439796
5,10,ood,0.490409353235254,0.6249348579136139,0.4946720634396167,0.4968559590543505,0.8419791838757641,3.576307593393318
5,10,test,0.9901694816370584,0.9857954545454546,0.984472049689441,0.9830028328611898,0.9886039886039886,0.1016356655652219
5,11,ood,0.5198732169487278,0.4779968978506537,0.5135056996530646,0.5156324696433694,0.44548157938212457,3.0850624443675283
5,11,test,0.9972385091839018,0.9857142857142858,0.984472049689441,0.9885386819484241,0.9829059829059829,0.06516589994550616
5,12,ood,0.5288289802214914,0.20080753701211307,0.5094994217743268,0.541757443718228,0.12324467206343961,2.0655241920003764
5,12,test,0.9939616697295879,0.9725829725829725,0.9704968944099379,0.9853801169590644,0.9601139601139601,0.09401440190240032
5,13,ood,0.5153956935390558,0.40046168515080044,0.5065669915744259,0.5101649405446874,0.32958863373533787,1.9435892685007703
5,13,test,0.9948173429402098,0.9785407725321889,0.9767080745341615,0.9827586206896551,0.9743589743589743,0.0826853138084213
5,14,ood,0.4813034145023655,0.6614414816467701,0.49867834131835453,0.4993262023077571,0.9794316867668924,2.971722520576283
5,14,test,0.9933879797361026,0.9830508474576272,0.9813664596273292,0.9747899159663865,0.9914529914529915,0.08557049374073922
5,15,ood,0.4823243606253686,0.5475368114888202,0.4859986783413184,0.4889927917397234,0.6220056170493969,2.174469729750128
5,15,test,0.998891514249876,0.9871244635193133,0.9860248447204969,0.9913793103448276,0.9829059829059829,0.05630649047158104
5,16,ood,0.5249087483984536,0.4219849431678394,0.51482735833471,0.5218449555798953,0.3542045266809846,2.68766483495226
5,16,test,0.9962175354666822,0.9857142857142858,0.984472049689441,0.9885386819484241,0.9829059829059829,0.07669137123489886
5,17,ood,0.48871468502155735,0.5176074268478985,0.49136791673550306,0.49221485509945617,0.5457624318519743,3.726942747083334
5,17,test,0.9976955164668475,0.992867332382311,0.9922360248447205,0.9942857142857143,0.9914529914529915,0.05374982197272835
5,18,ood,0.48225137790368683,0.619640644361834,0.49289608458615564,0.49573708734014077,0.8261192796960185,2.911546095752968
5,18,test,0.9928191515222231,0.9856733524355301,0.984472049689441,0.9913544668587896,0.98005698005698,0.08148027629968488
5,19,ood,0.5249555805703181,0.5201083388049902,0.5170163555261854,0.5167998695155765,0.523459441599207,2.677309406323351
5,19,test,0.9982108651050631,0.9900426742532006,0.9891304347826086,0.9886363636363636,0.9914529914529915,0.05242435893160291
5,20,ood,0.5122235243782078,0.22502250225022502,0.5021476953576739,0.5075406032482599,0.14455641830497273,3.710358373061391
5,20,test,0.9947298309073054,0.9842180774748924,0.9829192546583851,0.9913294797687862,0.9772079772079773,0.08475397267674063
6,1,ood,0.48438719719300916,0.6055535892403231,0.4936808194283826,0.49596795446160336,0.7773005121427391,2.296218365273356
6,1,test,0.9933128205128205,0.9798387096774194,0.9775280898876404,0.9878048780487805,0.972,0.1239782605054123
6,2,ood,0.48870729872796903,0.6074341532609046,0.49706756980009914,0.4981229841907683,0.7782091524863703,1.9184685300450028
6,2,test,0.9986256410256411,0.988,0.9865168539325843,0.988,0.988,0.04789838559892295
6,3,ood,0.4821019393670793,0.5687068183404285,0.4895093342144391,0.49232721121314643,0.6731372872955559,2.0945030437435466
6,3,test,0.9978461538461538,0.988,0.9865168539325843,0.988,0.988,0.05902562792679029
6,4,ood,0.47635747384692556,0.5911447155545283,0.48855939203700643,0.49238215719707384,0.7394680323806377,2.3980591474703785
6,4,test,0.9927794871794872,0.9820359281437125,0.9797752808988764,0.9800796812749004,0.984,0.09532687844642039
6,5,ood,0.47945449727910094,0.5840188806473364,0.4904179745580704,0.4933918195283126,0.7154303651082108,1.9742909517518124
6,5,test,0.9949333333333333,0.9760956175298805,0.9730337078651685,0.9722222222222222,0.98,0.1109771618004223
6,6,ood,0.4832933297586174,0.6083352077375406,0.49657194779448205,0.4978175124901394,0.7819263175284983,1.9239100304923096
6,6,test,0.9968820512820513,0.9880952380952381,0.9865168539325843,0.9803149606299213,0.996,0.048967053348730714
6,7,ood,0.48082073983354645,0.6393200731865667,0.4952089872790352,0.4973370064279155,0.8947629274739799,2.1873395919721066
6,7,test,0.9950666666666667,0.9819639278557114,0.9797752808988764,0.9839357429718876,0.98,0.05806882452452555
6,8,ood,0.4763385083014025,0.643288502494384,0.49500247811002807,0.49727121013937126,0.9107054353213283,2.07827667549469
6,8,test,0.9914461538461539,0.9782178217821782,0.9752808988764045,0.9686274509803922,0.988,0.10629406957221883
6,9,ood,0.48915399378838975,0.5605573805999784,0.4972327771353048,0.49785187560115424,0.6413348752684619,2.045832361302571
6,9,test,0.9924717948717948,0.9667318982387475,0.9617977528089887,0.946360153256705,0.988,0.14601479486944818
6,10,ood,0.4893180070345627,0.4015255231762175,0.4944655542706096,0.4919722022525761,0.33917065917726746,1.7544336066614525
6,10,test,0.9903384615384616,0.9762845849802372,0.9730337078651685,0.96484375,0.988,0.11855419042486963
6,11,ood,0.47329582956694904,0.6362532934663548,0.49252436808194283,0.49582429751303464,0.8876590120601354,2.536612818736086
6,11,test,0.9952410256410257,0.9647058823529412,0.9595505617977528,0.9461538461538461,0.984,0.14044562107301317
6,12,ood,0.48864153512741093,0.6184099634797265,0.49508508177763094,0.4970147007174753,0.8182719312737485,3.042510119432896
6,12,test,0.9953641025641025,0.9860834990059643,0.9842696629213483,0.9802371541501976,0.992,0.07207718870735594
6,13,ood,0.4917062396869942,0.6122126799696893,0.49273087725094994,0.49550240212613716,0.800842557409549,2.2254800659799985
6,13,test,0.997148717948718,0.9860279441117764,0.9842696629213483,0.9840637450199203,0.988,0.07263155427894422
6,14,ood,0.4919165972343697,0.5990085922009253,0.49884354865356023,0.49922882009474495,0.7486370394845531,3.233901264389566
6,14,test,0.9906974358974359,0.9642857142857143,0.9595505617977528,0.9566929133858267,0.972,0.2118240192066878
6,15,ood,0.47803044716873855,0.6097313735428281,0.49116140756649596,0.494502106669407,0.7949776970097472,2.6829090425683138
6,15,test,0.9934974358974358,0.969939879759519,0.9662921348314607,0.9718875502008032,0.968,0.1368886910245887
6,16,ood,0.5286689142924925,0.3042934556065027,0.517470675698001,0.5451248133134201,0.2110523707252602,2.2733715277834445
6,16,test,0.9892615384615385,0.9652351738241309,0.9617977528089887,0.9874476987447699,0.944,0.12474948058037885
6,17,ood,0.49622904636447107,0.5976351125659697,0.5024781100280853,0.5016823687752355,0.7389724103750207,1.8970373143962385
6,17,test,0.9959794871794873,0.9839357429718876,0.9820224719101124,0.9879032258064516,0.98,0.055451875989092514
6,18,ood,0.4862048770471769,0.6124496079738437,0.4957459111184537,0.49734495025003866,0.7968775813646126,1.7618082659602008
6,18,test,0.9979487179487179,0.9920634920634921,0.9910112359550561,0.984251968503937,1.0,0.03903392341453582
6,19,ood,0.5166417970900746,0.3868312757201646,0.513836114323476,0.5236214920321535,0.30670741780935074,1.7037448722431179
6,19,test,0.9902358974358973,0.9678714859437751,0.9640449438202248,0.9717741935483871,0.964,0.11559266929647752
6,20,ood,0.48015926909632894,0.5939904483947996,0.4943829506030068,0.4962318519339466,0.7397158433834462,1.8971327795417021
6,20,test,0.9934153846153845,0.9860279441117764,0.9842696629213483,0.9840637450199203,0.988,0.07619722533438887
7,1,ood,0.4865461442810546,0.6192038630594936,0.4919048405749215,0.49514851485148514,0.8262018833636213,2.3795011842542153
7,1,test,0.9918710021321961,0.9607250755287009,0.956953642384106,0.9754601226993865,0.9464285714285714,0.1303589092567563
7,2,ood,0.4800405561763757,0.6333873971286118,0.4958698166198579,0.4976401736832169,0.8709730712043615,3.5562431914141324
7,2,test,0.9997778962331201,0.9940476190476191,0.9933774834437086,0.9940476190476191,0.9940476190476191,0.025667483549477767
7,3,ood,0.4973108739697297,0.6414657322722414,0.5013216586816455,0.5007417709782105,0.8922022137782918,2.2444762274736103
7,3,test,0.9966684434968017,0.9881656804733728,0.9867549668874173,0.9823529411764705,0.9940476190476191,0.06549411504529416
7,4,ood,0.4812188354703342,0.4744371085153208,0.48711382785395674,0.48646068390904357,0.46299355691392696,1.5585162869532798
7,4,test,0.9584665955934611,0.9221556886227545,0.9139072847682119,0.927710843373494,0.9166666666666666,0.3159737318754196
7,5,ood,0.48961237727459966,0.6537494284407864,0.4995869816619858,0.49978152582364765,0.9448207500413018,3.1758527159570904
7,5,test,0.9966684434968017,0.9910979228486647,0.9900662251655629,0.9881656804733728,0.9940476190476191,0.058082298515364526
7,6,ood,0.47887001457934947,0.6353215117320437,0.4954567982818437,0.4974289454001496,0.8789856269618371,2.383221769567623
7,6,test,0.9751687988628287,0.9415204678362573,0.9337748344370861,0.9252873563218391,0.9583333333333334,0.2814181322231889
7,7,ood,0.5185014986431464,0.2955892814797249,0.5092516107715183,0.5235195296094078,0.20593094333388404,1.71526449897094
7,7,test,0.9860963041933192,0.9480122324159022,0.9437086092715232,0.9748427672955975,0.9226190476190477,0.17570662796497344
7,8,ood,0.5315623694263643,0.09385845782405311,0.5039649760449364,0.5418118466898955,0.051379481248967455,2.0923200308688505
7,8,test,0.9908937455579246,0.9541284403669725,0.9503311258278145,0.9811320754716981,0.9285714285714286,0.1371578869409859
7,9,ood,0.48157837908977885,0.6344098859769566,0.4941351396001982,0.49668162273322114,0.8778291756153973,2.1731897163127343
7,9,test,0.9928926794598437,0.9473684210526315,0.9403973509933775,0.9310344827586207,0.9642857142857143,0.14857867117971182
7,10,ood,0.5027381007390279,0.5070388251044667,0.4981414174789361,0.4982061707725425,0.516190318850157,1.7899251738501667
7,10,test,0.9935589907604833,0.9642857142857143,0.9602649006622517,0.9642857142857143,0.9642857142857143,0.11975535708479583
7,11,ood,0.5365721153763486,0.25060149423831835,0.5111514951263836,0.5366052060737527,0.16347265818602347,1.5356477607174468
7,11,test,0.9856076759061834,0.9665653495440729,0.9635761589403974,0.9875776397515528,0.9464285714285714,0.14104446452111005
7,12,ood,0.5053144092374837,0.5543315155729606,0.49706756980009914,0.49766708286784517,0.6255575747563192,2.191965503846953
7,12,test,0.9939143567874912,0.9700598802395209,0.9668874172185431,0.9759036144578314,0.9642857142857143,0.1111605933518149
7,13,ood,0.5366220146511858,0.28680758017492713,0.5150338675037172,0.5417622762735199,0.19502725921030895,1.4935810291546654
7,13,test,0.9892501776830134,0.9425981873111783,0.9370860927152318,0.9570552147239264,0.9285714285714286,0.1275878256186843
7,14,ood,0.4828649622590079,0.6098859315589353,0.4914918222369073,0.49470545903156166,0.7949776970097472,1.6649818565288024
7,14,test,0.9482054015636107,0.9129129129129129,0.9039735099337748,0.9212121212121213,0.9047619047619048,0.3721853502094746
7,15,ood,0.4786653920710141,0.6304923558444685,0.49289608458615564,0.4959284158697093,0.8652734181397654,2.8618990311416326
7,15,test,0.9858297796730633,0.9671641791044776,0.9635761589403974,0.9700598802395209,0.9642857142857143,0.20138460500747896
7,16,ood,0.5149145029523203,0.22531563612819683,0.5058235585660004,0.5211141060197664,0.14373038162894433,2.008466486768647
7,16,test,0.9851634683724236,0.9512195121951219,0.9470198675496688,0.975,0.9285714285714286,0.15160992164164783
7,17,ood,0.47919644099239145,0.6381654964003199,0.495580703783248,0.4975285258927334,0.8896415000826037,2.752408948140108
7,17,test,0.9966684434968016,0.9881656804733728,0.9867549668874173,0.9823529411764705,0.9940476190476191,0.06655274492222815
7,18,ood,0.49383246532385916,0.6459818065936612,0.49529159094663805,0.4974567196144922,0.9209482901040806,2.421515837213322
7,18,test,0.9946250888415067,0.9792284866468842,0.9768211920529801,0.9763313609467456,0.9821428571428571,0.08544665966182947
7,19,ood,0.528968579464469,0.43697154176933856,0.5187097307120436,0.5263648003724828,0.37353378490004957,1.5932479981072198
7,19,test,0.9847192608386639,0.9515151515151515,0.9470198675496688,0.9691358024691358,0.9345238095238095,0.15239859353750945
7,20,ood,0.4754811967277648,0.5868227424749164,0.48975714521724767,0.4930313588850174,0.724681975879729,2.5143521235298607
7,20,test,0.9968017057569296,0.9880952380952381,0.9867549668874173,0.9880952380952381,0.9880952380952381,0.09026454946724698
8,1,ood,0.48991660386668134,0.5429527705466716,0.4924004625805386,0.49377705627705626,0.6030067735007434,1.8701777696373283
8,1,test,0.9817901234567901,0.9245283018867925,0.9191919191919192,0.9423076923076923,0.9074074074074074,0.2930393804396902
8,2,ood,0.4913527142762746,0.546644844517185,0.4966132496282835,0.4972256056299905,0.6069717495456798,1.1668342278293449
8,2,test,0.9567901234567902,0.863849765258216,0.8535353535353535,0.8761904761904762,0.8518518518518519,0.29041649401187897
8,3,ood,0.48644965847552524,0.5821225628636565,0.49277217908475135,0.4949372215471851,0.7065917726747067,1.8975080788686693
8,3,test,0.977880658436214,0.9327354260089686,0.9242424242424242,0.9043478260869565,0.9629629629629629,0.1972748003900051
8,4,ood,0.4938388758761236,0.4790255951620459,0.49475466710721955,0.49441758241758244,0.46456302659838095,1.870323842944998
8,4,test,0.9771604938271605,0.9541284403669725,0.9494949494949495,0.9454545454545454,0.9629629629629629,0.19664282724261284
8,5,ood,0.49105946306824544,0.584355150979926,0.49458945977201385,0.49622151716181134,0.7105567487196431,1.826532559319248
8,5,test,0.9692386831275719,0.9230769230769231,0.9191919191919192,0.96,0.8888888888888888,0.2686307728290558
8,6,ood,0.4936462386099941,0.3040276179516686,0.5004130183380142,0.5009480470231323,0.21823888980670741,1.4475303697086073
8,6,test,0.9515432098765432,0.8669950738916257,0.8636363636363636,0.9263157894736842,0.8148148148148148,0.3580902378473963
8,7,ood,0.5327459948275066,0.2927239927841251,0.5142078308276887,0.5380194518125553,0.20105732694531636,1.3416280039491395
8,7,test,0.9445473251028806,0.8990825688073395,0.8888888888888888,0.8909090909090909,0.9074074074074074,0.3233604793037687
8,8,ood,0.4993584023159705,0.525619964014707,0.49909135965636875,0.49918276374442794,0.5550140426234925,1.1449028458274024
8,8,test,0.9648148148148148,0.9181818181818182,0.9090909090909091,0.9017857142857143,0.9351851851851852,0.2107600181230477
8,9,ood,0.5019699534993072,0.5634634306329944,0.5052453328927804,0.5041408542549722,0.6386089542375681,1.4800242874549907
8,9,test,0.976954732510288,0.9411764705882353,0.9343434343434344,0.9203539823008849,0.9629629629629629,0.19832773293767655
8,10,ood,0.4918385174583595,0.5570472227248054,0.4944242524368082,0.4956532938373366,0.6358004295390716,2.0664859220405236
8,10,test,0.9758230452674896,0.926605504587156,0.9191919191919192,0.9181818181818182,0.9351851851851852,0.23898927814194135
8,11,ood,0.4946366160537587,0.4740830032719132,0.4954567982818437,0.49505484625067436,0.45481579382124565,1.8222887535706223
8,11,test,0.9684156378600823,0.9488372093023256,0.9444444444444444,0.9532710280373832,0.9444444444444444,0.2679360296045031
8,12,ood,0.5339690422251444,0.17713927052095682,0.5126796629770362,0.5687416032243618,0.10490665785560879,2.4854593253306936
8,12,test,0.9874485596707819,0.9483568075117371,0.9444444444444444,0.9619047619047619,0.9351851851851852,0.15241967886686325
8,13,ood,0.48333200118486386,0.5225713953578487,0.49112010573269455,0.4921538573826728,0.5569965306459607,2.3272470761006856
8,13,test,0.9719135802469137,0.9308755760368663,0.9242424242424242,0.926605504587156,0.9351851851851852,0.26312597109270947
8,14,ood,0.4971262473351685,0.49805672703216736,0.4985957376507517,0.49859271523178805,0.49752188997191477,1.4184735203986123
8,14,test,0.9797325102880658,0.958139534883721,0.9545454545454546,0.9626168224299065,0.9537037037037037,0.17417786403426103
8,15,ood,0.48628040147265705,0.5580255809764006,0.49335040475797126,0.4948559013355486,0.6396828019164051,1.867596781434912
8,15,test,0.9546296296296296,0.8826291079812206,0.8737373737373737,0.8952380952380953,0.8703703703703703,0.30990744275706156
8,16,ood,0.48808843308744015,0.5405587344328509,0.49260697174954565,0.4938836875555252,0.596976705765736,2.2324197364766816
8,16,test,0.9818930041152264,0.9439252336448598,0.9393939393939394,0.9528301886792453,0.9351851851851852,0.19546266964503697
8,17,ood,0.49620314827919215,0.5034347399411188,0.498430530315546,0.49846153846153846,0.5085081777630927,1.2223049206179388
8,17,test,0.9733539094650205,0.9282296650717703,0.9242424242424242,0.9603960396039604,0.8981481481481481,0.2236672756927354
8,18,ood,0.49646008553389387,0.3688856579084017,0.4980175119775318,0.4966442953020134,0.29340822732529326,2.6687810658778663
8,18,test,0.9760288065843623,0.9282296650717703,0.9242424242424242,0.9603960396039604,0.8981481481481481,0.3987629562616348
8,19,ood,0.5188368227253238,0.4228882833787466,0.5188749380472493,0.5282832033667533,0.3525524533289278,1.1810758325666229
8,19,test,0.9789094650205761,0.9326923076923077,0.9292929292929293,0.97,0.8981481481481481,0.2845170625618526
8,20,ood,0.48344045858586726,0.5363157894736842,0.49058318189327604,0.49213467641782804,0.5892119610110689,1.8020505047694853
8,20,test,0.9801440329218107,0.9259259259259259,0.9191919191919192,0.9259259259259259,0.9259259259259259,0.19160045523728644
9,1,ood,0.49404776298814734,0.562797061788852,0.49851313398314884,0.49885101493680584,0.6455476623162069,0.7990579022835237
9,1,test,0.8805088596092685,0.8201438848920863,0.8120300751879699,0.8382352941176471,0.8028169014084507,0.4280411660671234
9,2,ood,0.48728061138668566,0.45133368662780426,0.48686601685114816,0.48491174795976466,0.4221047414505204,1.2568872013132986
9,2,test,0.9447978191731031,0.8740740740740741,0.8721804511278195,0.921875,0.8309859154929577,0.3612792372703552
9,3,ood,0.4882636127719108,0.515024485798237,0.48872459937221213,0.48982785602503914,0.5429539071534776,1.4534729583732675
9,3,test,0.9318491594729669,0.8356164383561644,0.8195488721804511,0.8133333333333334,0.8591549295774648,0.40568124055862426
9,4,ood,0.4758865148973592,0.5723503569467325,0.48537915083429706,0.4896065766294774,0.688749380472493,1.62925514279615
9,4,test,0.9393457519309405,0.8531468531468531,0.8421052631578947,0.8472222222222222,0.8591549295774648,0.34958035945892335
9,5,ood,0.48411402715082796,0.39909143630388555,0.486452998513134,0.48089913813184254,0.34107054353213284,1.1048195389649356
9,5,test,0.9025442980463425,0.8,0.7894736842105263,0.8115942028985508,0.7887323943661971,0.39807418584823606
9,6,ood,0.4876964648332319,0.48638552216503406,0.48893110854121924,0.48882029033872854,0.4839748884850487,0.9628592590202271
9,6,test,0.9125397546569741,0.8260869565217391,0.8195488721804511,0.8507462686567164,0.8028169014084507,0.41551418900489806
9,7,ood,0.4709442179193106,0.5865352820580649,0.48356187014703456,0.48902734891927657,0.7326119279696018,1.3946899417369494
9,7,test,0.9066333484779645,0.8108108108108109,0.7894736842105263,0.7792207792207793,0.8450704225352113,0.37152295410633085
9,8,ood,0.48610538896065103,0.43155324148735197,0.4904592763918718,0.487964989059081,0.38683297538410705,1.2454950633499393
9,8,test,0.9291231258518855,0.8805970149253731,0.8796992481203008,0.9365079365079365,0.8309859154929577,0.3558653235435486
9,9,ood,0.4917611166072565,0.6078305930522679,0.4936395175945812,0.4959803716851117,0.7848174458945977,0.8832570856124595
9,9,test,0.9052703316674239,0.8391608391608392,0.8270676691729323,0.8333333333333334,0.8450704225352113,0.3905048072338104
9,10,ood,0.46967616360018694,0.5917124901806756,0.48480092516107715,0.49002493765586036,0.7466545514620849,1.2231239036926347
9,10,test,0.9157201272149024,0.851063829787234,0.8421052631578947,0.8571428571428571,0.8450704225352113,0.37846982181072236
9,11,ood,0.4779440462980115,0.513823540848466,0.48360317198083597,0.48541620747924474,0.5457624318519743,1.1196070882335523
9,11,test,0.9075420263516583,0.8251748251748252,0.8120300751879699,0.8194444444444444,0.8309859154929577,0.45993281006813047
9,12,ood,0.48949515867177884,0.46113353219863135,0.4926482735833471,0.49167446211412535,0.4341648769205353,1.1642640494449923
9,12,test,0.9009541117673785,0.8111888111888111,0.7969924812030075,0.8055555555555556,0.8169014084507042,0.4496153652667999
9,13,ood,0.5243863207998929,0.41508680902015566,0.5157773005121428,0.5240614764424288,0.3436312572278209,1.5847959828266538
9,13,test,0.9729668332576102,0.912751677852349,0.9022556390977443,0.8717948717948718,0.9577464788732394,0.21620191847905518
9,14,ood,0.47967056939541897,0.5399889482409284,0.4842640013216587,0.48733293437063635,0.6054022798612259,0.9660288682859514
9,14,test,0.8961835529304861,0.8,0.7744360902255639,0.759493670886076,0.8450704225352113,0.4064332902431488
9,15,ood,0.49536811158353977,0.45696096202307795,0.49268957541714853,0.4915818510415676,0.42689575417148523,0.8517400935351297
9,15,test,0.900272603362108,0.8285714285714286,0.8195488721804511,0.8405797101449275,0.8169014084507042,0.4402428388595581
9,16,ood,0.5199246480692099,0.3386717437562997,0.5122253428052206,0.5257301808066759,0.2497934908309929,1.5333897318479406
9,16,test,0.9811449341208541,0.9436619718309859,0.9398496240601504,0.9436619718309859,0.9436619718309859,0.16085896957665682
9,17,ood,0.4760370622309257,0.5357474121619115,0.48319015364282175,0.4862935273119149,0.5963984800925161,1.6472962676218983
9,17,test,0.9409359382099046,0.8776978417266187,0.8721804511278195,0.8970588235294118,0.8591549295774648,0.3569964200258255
9,18,ood,0.4898144239623073,0.4460554755043228,0.4919048405749215,0.49029895070283114,0.40913596563687427,1.188741055158517
9,18,test,0.943661971830986,0.8714285714285714,0.8646616541353384,0.8840579710144928,0.8591549295774648,0.304023751616478
9,19,ood,0.5200374997178538,0.4348873049508765,0.5153642821741286,0.5214830214830215,0.37295555922682966,1.6628436938302205
9,19,test,0.9881871876419809,0.9295774647887324,0.924812030075188,0.9295774647887324,0.9295774647887324,0.11970605906099081
9,20,ood,0.4768575344520614,0.661340782122905,0.49925656699157445,0.4996201570017726,0.9778622170824385,1.0006013413795234
9,20,test,0.9075420263516584,0.8450704225352113,0.8345864661654135,0.8450704225352113,0.8450704225352113,0.4111060440540314
10,1,ood,0.47522252974980705,0.4679625629949604,0.4811250619527507,0.48014252194316503,0.45638526350569963,1.0357483021491742
10,1,test,0.779773156899811,0.6966292134831461,0.7065217391304348,0.7209302325581395,0.6739130434782609,0.6444321572780609
10,2,ood,0.4784395523064082,0.6093269505119995,0.49103750206509167,0.4944178628389155,0.7938212456633075,0.8535441260592941
10,2,test,0.8114366729678639,0.7272727272727273,0.7065217391304348,0.6792452830188679,0.782608695652174,0.529388835032781
10,3,ood,0.4896345088619011,0.4939563862928349,0.4968197587972906,0.4967833570055978,0.49116140756649596,0.9768526080892455
10,3,test,0.808601134215501,0.735632183908046,0.75,0.7804878048780488,0.6956521739130435,0.6308022737503052
10,4,ood,0.47912653219704826,0.6315253221456398,0.49215265157773,0.4955323551542513,0.8703948455311415,1.0497320922709203
10,4,test,0.8123818525519848,0.7789473684210526,0.7717391304347826,0.7551020408163265,0.8043478260869565,0.5711709856987
10,5,ood,0.5128429461230577,0.29846153846153844,0.5103254584503552,0.5260742594910305,0.20832644969436642,0.7860639171682229
10,5,test,0.77882797731569,0.6265060240963856,0.6630434782608695,0.7027027027027027,0.5652173913043478,0.6234023571014404
10,6,ood,0.467846235804226,0.6663177034547358,0.4997521889971915,0.49987599206349204,0.9989261523211631,0.7022735653654273
10,6,test,0.5661625708884688,0.6666666666666666,0.5,0.5,1.0,0.7016275525093079
10,7,ood,0.528347431408046,0.32179249652616954,0.516190318850157,0.537940379403794,0.22955559226829672,1.601037316486889
10,7,test,0.9116257088846881,0.865979381443299,0.8586956521739131,0.8235294117647058,0.9130434782608695,0.4377253403266271
10,8,ood,0.49593471024126357,0.5207457358191194,0.5009912440112341,0.5009157509157509,0.5422104741450521,0.9172896244015687
10,8,test,0.8445179584120983,0.7916666666666666,0.782608695652174,0.76,0.8260869565217391,0.5376462638378143
10,9,ood,0.5265531932274328,0.4407737240256631,0.5175945811994053,0.524259681093394,0.3802246819758797,1.2596570173846842
10,9,test,0.9035916824196598,0.8602150537634409,0.8586956521739131,0.851063829787234,0.8695652173913043,0.42735645174980164
10,10,ood,0.48618883872562557,0.3924517175291169,0.48938542871303486,0.48441101540701204,0.3298364447381464,1.4625849504136976
10,10,test,0.9007561436672967,0.8421052631578947,0.8369565217391305,0.8163265306122449,0.8695652173913043,0.6181396047274271
10,11,ood,0.47557987965711446,0.4876808920591973,0.4838509829836445,0.48408887442011883,0.49132661490170165,1.277280243809976
10,11,test,0.805765595463138,0.7391304347826086,0.7391304347826086,0.7391304347826086,0.7391304347826086,0.7811102469762167
10,12,ood,0.4799999912660916,0.4826869518227543,0.4859986783413184,0.48581708643628146,0.47959689410209816,1.2235083489074732
10,12,test,0.8303402646502835,0.7959183673469388,0.782608695652174,0.75,0.8478260869565217,0.6955680449803671
10,13,ood,0.5389461997795835,0.41426388181355067,0.5251115149512638,0.5404040404040404,0.3358665124731538,1.685465903704201
10,13,test,0.9206049149338374,0.8666666666666667,0.8695652173913043,0.8863636363636364,0.8478260869565217,0.4740552008152008
10,14,ood,0.48700566385768707,0.4750137519570093,0.48756814802577236,0.48694369740609006,0.4636543862547497,0.7475729428005344
10,14,test,0.7741020793950851,0.7128712871287128,0.6847826086956522,0.6545454545454545,0.782608695652174,0.5699731508890787
10,15,ood,0.4957804271148661,0.5885757080610022,0.5008260366760284,0.5005790387955993,0.7141087064265653,0.8119671039647439
10,15,test,0.824196597353497,0.717391304347826,0.717391304347826,0.717391304347826,0.717391304347826,0.5416060090065002
10,16,ood,0.4676210817878933,0.6666666666666666,0.5,0.5,1.0,0.7032268575664555
10,16,test,0.5430056710775046,0.6666666666666666,0.5,0.5,1.0,0.7027608354886373
10,17,ood,0.49192637852938936,0.6383892617449665,0.49929786882537586,0.4996031560763808,0.8839418470180076,0.7533979526520406
10,17,test,0.7381852551984878,0.7394957983193278,0.6630434782608695,0.6027397260273972,0.9565217391304348,0.6115356882413229
10,18,ood,0.4892082361356233,0.4867907093956067,0.49533289278043946,0.4951721780739981,0.47868825375846685,0.9965973401164127
10,18,test,0.8719281663516069,0.8125,0.8043478260869565,0.78,0.8478260869565217,0.47153903047243756
10,19,ood,0.48171343055938304,0.6430640489217895,0.4961589294564679,0.49789316297403835,0.907731703287626,0.8481026073743047
10,19,test,0.8142722117202268,0.75,0.7391304347826086,0.72,0.782608695652174,0.5612697005271912
10,20,ood,0.4791995080953641,0.47477820025348544,0.4865356021807368,0.48590453130404704,0.4641500082603668,1.328625095725217
10,20,test,0.9130434782608695,0.7878787878787878,0.7717391304347826,0.7358490566037735,0.8478260869565217,0.4069898873567581
11,1,ood,0.5351370080015428,0.6666666666666666,0.5,0.5,1.0,0.6937248150927545
11,1,test,0.5411877394636015,0.7128712871287128,0.5538461538461539,0.5538461538461539,1.0,0.6796015699704488
11,2,ood,0.4784374268279299,0.5986130014906993,0.4884354865356022,0.4925341296928328,0.7629274739798447,1.5826226431615602
11,2,test,0.9224137931034483,0.8,0.7538461538461538,0.7272727272727273,0.8888888888888888,0.32490205283587176
11,3,ood,0.47875566179020723,0.6497844208105777,0.49677845696348916,0.4982807265032622,0.9336692549149183,1.2477301795975535
11,3,test,0.9329501915708811,0.825,0.7846153846153846,0.75,0.9166666666666666,0.24285360580931106
11,4,ood,0.4753366607795575,0.5319276207566921,0.4829010408062118,0.485862587078268,0.587642491326615,1.0237938081021354
11,4,test,0.9137931034482758,0.8533333333333334,0.8307692307692308,0.8205128205128205,0.8888888888888888,0.2829190095265706
11,5,ood,0.46743799382234286,0.6659125396606429,0.4998760944985957,0.49993785989477607,0.996861060631092,0.6989949395193606
11,5,test,0.613984674329502,0.7128712871287128,0.5538461538461539,0.5538461538461539,1.0,0.6556455294291178
11,6,ood,0.5408479810301694,0.22097133132608981,0.5084255740954898,0.532156368221942,0.13943499091359657,0.9893316505685981
11,6,test,0.8563218390804598,0.8378378378378378,0.8153846153846154,0.8157894736842105,0.8611111111111112,0.3338474705815315
11,7,ood,0.48097092211703724,0.6528939730237323,0.4962002312902693,0.49800312554262893,0.9476292747397984,1.2287508712852646
11,7,test,0.939655172413793,0.8571428571428571,0.8461538461538461,0.8823529411764706,0.8333333333333334,0.1961020746578773
11,8,ood,0.4718427937982373,0.5080705045530933,0.4801338179415166,0.4821600771456123,0.5369238394184702,1.3895056511483388
11,8,test,0.9224137931034482,0.8695652173913043,0.8615384615384616,0.9090909090909091,0.8333333333333334,0.2783325929194689
11,9,ood,0.5348986575955567,0.06779399274187321,0.5013629605154469,0.5195266272189349,0.03626301007764745,0.9955127252022216
11,9,test,0.853448275862069,0.7671232876712328,0.7384615384615385,0.7567567567567568,0.7777777777777778,0.40764068563779193
11,10,ood,0.4673124916533177,0.6312652720662734,0.48893110854121924,0.4937534961775126,0.8749380472492979,0.7004002114583195
11,10,test,0.6101532567049808,0.7128712871287128,0.5538461538461539,0.5538461538461539,1.0,0.6563490430514017
11,11,ood,0.5416402420449856,0.6666666666666666,0.5,0.5,1.0,0.6947691508296931
11,11,test,0.6791187739463601,0.7128712871287128,0.5538461538461539,0.5538461538461539,1.0,0.6717959642410278
11,12,ood,0.5395582045256984,0.49186738956537196,0.5277548323145548,0.5323201231242786,0.45712869651412524,1.0512314811250492
11,12,test,0.8975095785440612,0.8405797101449275,0.8307692307692308,0.8787878787878788,0.8055555555555556,0.32601554443438846
11,13,ood,0.5321198077153655,0.364902807775378,0.5142078308276887,0.5268163392578734,0.27911779283000165,0.9062878916254131
11,13,test,0.8591954022988505,0.8,0.7538461538461538,0.7272727272727273,0.8888888888888888,0.3682586948076884
11,14,ood,0.48004614451304906,0.5102121595946801,0.48893110854121924,0.48981608147134825,0.5323806377003139,1.2493791936095828
11,14,test,0.9406130268199233,0.8421052631578947,0.8153846153846154,0.8,0.8888888888888888,0.2396786523362001
11,15,ood,0.5367217927307626,0.6666666666666666,0.5,0.5,1.0,0.6937712140410863
11,15,test,0.6647509578544061,0.7128712871287128,0.5538461538461539,0.5538461538461539,1.0,0.6784403920173645
11,16,ood,0.5369322423935778,0.6666666666666666,0.5,0.5,1.0,0.6943080940996168
11,16,test,0.6676245210727969,0.7128712871287128,0.5538461538461539,0.5538461538461539,1.0,0.674603263537089
11,17,ood,0.48060286293694754,0.564588598708228,0.4876920535271766,0.4909046514467098,0.6642986948620518,1.5306194221878933
11,17,test,0.9386973180076628,0.85,0.8153846153846154,0.7727272727272727,0.9444444444444444,0.299638992951562
11,18,ood,0.48608365995193786,0.5252937776921595,0.49112010573269455,0.4922377066936241,0.563109202048571,1.2666979245890715
11,18,test,0.9425287356321839,0.8450704225352113,0.8307692307692308,0.8571428571428571,0.8333333333333334,0.19560908091564974
11,19,ood,0.5431970032104483,0.4024755028365137,0.5214769535767388,0.5356946732564525,0.3223195109862878,0.9190127518485686
11,19,test,0.8285440613026819,0.8205128205128205,0.7846153846153846,0.7619047619047619,0.8888888888888888,0.39420606940984726
11,20,ood,0.5334920343617064,0.5921858949381885,0.5244919874442425,0.5183875968992248,0.6904840574921527,0.909157541343054
11,20,test,0.8888888888888888,0.8311688311688312,0.8,0.7804878048780488,0.8888888888888888,0.3412541002035141
12,1,ood,0.49239264641489844,0.6370926565550383,0.5009499421774327,0.5005427344376799,0.8760944985957376,0.9154317250851753
12,1,test,0.7963800904977375,0.7666666666666667,0.6744186046511628,0.6764705882352942,0.8846153846153846,0.4654819518327713
12,2,ood,0.499142848775461,0.606624094232869,0.5089624979349083,0.5059888502511454,0.7572278209152487,0.9370522841594651
12,2,test,0.6990950226244343,0.6,0.5348837209302325,0.625,0.5769230769230769,0.6014549136161804
12,3,ood,0.5026219841098001,0.3850245909866506,0.4938873285973897,0.490537084398977,0.31686766892450025,0.896897545933251
12,3,test,0.7352941176470589,0.6956521739130435,0.6744186046511628,0.8,0.6153846153846154,0.6044926792383194
12,4,ood,0.5051049046108458,0.6397644301553439,0.5048323145547662,0.5027626918536009,0.8793986452998513,0.7921912183534832
12,4,test,0.7805429864253393,0.7719298245614035,0.6976744186046512,0.7096774193548387,0.8461538461538461,0.45319245755672455
12,5,ood,0.49622976281789066,0.40457532246288636,0.49475466710721955,0.49247541177864673,0.34330084255740956,0.8984685102416156
12,5,test,0.7579185520361991,0.6382978723404256,0.6046511627906976,0.7142857142857143,0.5769230769230769,0.5848920345306396
12,6,ood,0.49065956606285976,0.5737323184930316,0.4934330084255741,0.49523009539809204,0.6818106723938543,0.9170909057835134
12,6,test,0.8054298642533937,0.8,0.7441860465116279,0.7586206896551724,0.8461538461538461,0.4669331759214401
12,7,ood,0.5351310307330132,0.6666666666666666,0.5,0.5,1.0,0.7123869271306728
12,7,test,0.3552036199095023,0.7536231884057971,0.6046511627906976,0.6046511627906976,1.0,0.6705621480941772
12,8,ood,0.4923077159795233,0.6465694029413488,0.5017346770196597,0.5009533321227528,0.9115314719973567,0.7578903478785581
12,8,test,0.8280542986425339,0.8070175438596491,0.7441860465116279,0.7419354838709677,0.8846153846153846,0.45076608657836914
12,9,ood,0.5014584739913353,0.6617433953851298,0.49867834131835453,0.4993271090924384,0.9807533454485379,0.693305725701734
12,9,test,0.7262443438914028,0.7536231884057971,0.6046511627906976,0.6046511627906976,1.0,0.6900324523448944
12,10,ood,0.49442372703763376,0.6133521000607786,0.500784734842227,0.5004959540589924,0.791921361308442,0.8876335909061104
12,10,test,0.7918552036199096,0.76,0.7209302325581395,0.7916666666666666,0.7307692307692307,0.4921810179948807
12,11,ood,0.4710891973863015,0.6666666666666666,0.5,0.5,1.0,0.7005515000149313
12,11,test,0.7149321266968326,0.7536231884057971,0.6046511627906976,0.6046511627906976,1.0,0.6707042753696442
12,12,ood,0.47071998505737456,0.6666666666666666,0.5,0.5,1.0,0.6995931812605108
12,12,test,0.7217194570135747,0.7536231884057971,0.6046511627906976,0.6046511627906976,1.0,0.6718495488166809
12,13,ood,0.5346998929468477,0.5007813856572322,0.525028911283661,0.5277218664226898,0.47645795473319014,0.9133480126665637
12,13,test,0.7986425339366516,0.8275862068965517,0.7674418604651163,0.75,0.9230769230769231,0.49588578939437866
12,14,ood,0.4961221446908932,0.627377477339069,0.49913266149017016,0.49948627623660646,0.8433008425574096,0.7335718202858651
12,14,test,0.8031674208144797,0.7547169811320755,0.6976744186046512,0.7407407407407407,0.7692307692307693,0.464789554476738
12,15,ood,0.5344102240059168,0.6666666666666666,0.5,0.5,1.0,0.7060391559626026
12,15,test,0.33597285067873306,0.7536231884057971,0.6046511627906976,0.6046511627906976,1.0,0.6694045960903168
12,16,ood,0.5034613365843852,0.6521397150930754,0.5068148025772344,0.5037127041987309,0.9245828514786056,0.7153577430166373
12,16,test,0.8054298642533937,0.8387096774193549,0.7674418604651163,0.7222222222222222,1.0,0.489444300532341
12,17,ood,0.5015151147516831,0.6205938092229943,0.5038823723773336,0.5024036002863864,0.8114984305303156,0.9705026696978661
12,17,test,0.7579185520361991,0.75,0.6744186046511628,0.7,0.8076923076923077,0.5882932096719742
12,18,ood,0.4953941973113809,0.634730176044602,0.5021063935238724,0.5012202708522755,0.8651908144721626,0.8731439166765075
12,18,test,0.8122171945701357,0.7931034482758621,0.7209302325581395,0.71875,0.8846153846153846,0.4418325573205948
12,19,ood,0.5053633259476311,0.5872862658576944,0.5055344457293904,0.5039640279256893,0.7036180406410044,0.8277788811819714
12,19,test,0.7647058823529411,0.7636363636363637,0.6976744186046512,0.7241379310344828,0.8076923076923077,0.5558812022209167
12,20,ood,0.49756475776819054,0.4875348601369053,0.49909135965636875,0.4990484429065744,0.476540558400793,0.7673479613098789
12,20,test,0.7895927601809956,0.7346938775510204,0.6976744186046512,0.782608695652174,0.6923076923076923,0.5103567093610764
