k,seed,split,auroc,f1,accuracy,precision,recall,loss
1,1,test,0.656632,0.566363,0.604631,0.624736,0.517967,0.653845
1,1,ood,0.400539,0.580650,0.474667,0.483172,0.727400,0.746742
1,10,test,0.672582,0.666156,0.619048,0.591434,0.762489,0.639705
1,10,ood,0.573266,0.666756,0.503000,0.501513,0.994400,1.007996
1,11,test,0.645196,0.628133,0.598078,0.582896,0.680982,0.656560
1,11,ood,0.331884,0.670570,0.512367,0.506308,0.992600,0.802155
1,12,test,0.665092,0.675872,0.589777,0.557517,0.858019,0.656969
1,12,ood,0.364705,0.664498,0.498133,0.499063,0.994000,0.776269
1,13,test,0.647446,0.669808,0.602010,0.571075,0.809816,0.662893
1,13,ood,0.697132,0.660520,0.493133,0.496543,0.986200,0.785786
1,14,test,0.630919,0.600000,0.591088,0.585488,0.615250,0.661637
1,14,ood,0.786891,0.666859,0.500500,0.500250,0.999867,0.677695
1,15,test,0.653315,0.593250,0.599825,0.601260,0.585451,0.655380
1,15,ood,0.578315,0.611104,0.498233,0.498882,0.788467,0.710495
1,16,test,0.667615,0.623549,0.603320,0.591660,0.659071,0.644184
1,16,ood,0.483437,0.666667,0.500000,0.500000,1.000000,1.051672
1,17,test,0.667504,0.613577,0.612058,0.609334,0.617879,0.655925
1,17,ood,0.218290,0.666667,0.500000,0.500000,1.000000,2.993514
1,18,test,0.650906,0.663462,0.602446,0.573896,0.786152,0.653751
1,18,ood,0.583390,0.651036,0.490967,0.495289,0.949667,0.708925
1,19,test,0.642955,0.603611,0.597204,0.592405,0.615250,0.655541
1,19,ood,0.467437,0.605714,0.510967,0.507407,0.751267,0.734761
1,2,test,0.674229,0.634973,0.614242,0.600939,0.673094,0.645047
1,2,ood,0.346583,0.661626,0.497300,0.498630,0.982933,1.180654
1,20,test,0.653162,0.672774,0.609873,0.578086,0.804557,0.656077
1,20,ood,0.470050,0.617197,0.491000,0.494576,0.820667,0.728890
1,3,test,0.631432,0.578050,0.578419,0.576789,0.579316,0.662111
1,3,ood,0.795969,0.724515,0.631933,0.578901,0.968000,0.653465
1,4,test,0.637300,0.569217,0.586719,0.592417,0.547765,0.660263
1,4,ood,0.527650,0.655484,0.497500,0.498696,0.956067,0.734932
1,5,test,0.641242,0.623408,0.586719,0.571116,0.686240,0.658779
1,5,ood,0.609007,0.666667,0.500000,0.500000,1.000000,0.810564
1,6,test,0.665823,0.480000,0.591088,0.655539,0.378615,0.654849
1,6,ood,0.480314,0.566661,0.457200,0.471565,0.709800,0.842105
1,7,test,0.648862,0.599913,0.596767,0.593482,0.606486,0.665380
1,7,ood,0.837832,0.846232,0.827533,0.763460,0.949133,0.555719
1,8,test,0.678555,0.549873,0.611621,0.651079,0.475898,0.640229
1,8,ood,0.471441,0.666222,0.499600,0.499800,0.998800,1.460187
1,9,test,0.641345,0.612658,0.598952,0.590724,0.636284,0.660139
1,9,ood,0.504366,0.590885,0.459900,0.475554,0.780067,0.703355
2,1,test,0.677648,0.627775,0.613821,0.591468,0.668831,0.649544
2,1,ood,0.532037,0.666667,0.500000,0.500000,1.000000,1.693540
2,10,test,0.674162,0.590211,0.614273,0.611332,0.570501,0.638456
2,10,ood,0.807515,0.666667,0.500000,0.500000,1.000000,2.235474
2,11,test,0.620945,0.644080,0.568202,0.537935,0.802412,0.679160
2,11,ood,0.607905,0.664603,0.497967,0.498980,0.994800,0.805023
2,12,test,0.627902,0.606586,0.589883,0.569106,0.649351,0.669367
2,12,ood,0.723823,0.665896,0.499133,0.499566,0.998267,0.835554
2,13,test,0.678666,0.624667,0.617886,0.598639,0.653061,0.638021
2,13,ood,0.712099,0.666919,0.500567,0.500283,1.000000,0.961888
2,14,test,0.676313,0.665582,0.628726,0.592754,0.758813,0.643216
2,14,ood,0.557404,0.674528,0.520667,0.510623,0.993400,0.830578
2,15,test,0.678531,0.650000,0.620596,0.590015,0.723562,0.639654
2,15,ood,0.618777,0.670864,0.510333,0.505231,0.998067,0.906385
2,16,test,0.646648,0.594015,0.589431,0.572782,0.616883,0.673519
2,16,ood,0.859522,0.832005,0.808933,0.742364,0.946267,0.544785
2,17,test,0.675890,0.666406,0.614724,0.576065,0.790353,0.664152
2,17,ood,0.436750,0.666667,0.500000,0.500000,1.000000,1.633415
2,18,test,0.654578,0.612423,0.599819,0.579470,0.649351,0.663564
2,18,ood,0.616251,0.666489,0.499800,0.499900,0.999600,0.996744
2,19,test,0.632535,0.645333,0.579494,0.547511,0.785714,0.665594
2,19,ood,0.394576,0.648552,0.495567,0.497630,0.930867,0.772708
2,2,test,0.680082,0.606581,0.627371,0.624141,0.589981,0.639777
2,2,ood,0.648858,0.672752,0.513633,0.506912,0.999867,0.912459
2,20,test,0.683529,0.657501,0.617435,0.582796,0.754174,0.651043
2,20,ood,0.436068,0.666607,0.499933,0.499967,0.999867,1.576468
2,3,test,0.676734,0.669753,0.613369,0.573316,0.805195,0.649294
2,3,ood,0.811774,0.666637,0.499967,0.499983,0.999933,1.420526
2,4,test,0.681385,0.652713,0.632791,0.604909,0.708720,0.640447
2,4,ood,0.747347,0.665924,0.500300,0.500151,0.996067,0.832814
2,5,test,0.649374,0.561473,0.602078,0.605800,0.523191,0.657167
2,5,ood,0.329716,0.664992,0.502100,0.501065,0.988333,1.095681
2,6,test,0.646682,0.634343,0.591238,0.561918,0.728200,0.672198
2,6,ood,0.594509,0.666785,0.500267,0.500133,1.000000,0.845194
2,7,test,0.626667,0.642230,0.576784,0.545750,0.780148,0.676210
2,7,ood,0.758664,0.654163,0.486767,0.493276,0.970800,0.681233
2,8,test,0.637834,0.622800,0.593496,0.568043,0.689239,0.673143
2,8,ood,0.813156,0.849573,0.827400,0.752858,0.974800,0.515959
2,9,test,0.657806,0.593386,0.605691,0.595884,0.590909,0.657329
2,9,ood,0.486630,0.640990,0.492300,0.495789,0.906467,0.788465
3,1,test,0.700559,0.627730,0.633816,0.644878,0.611471,0.627750
3,1,ood,0.485721,0.666667,0.500000,0.500000,1.000000,1.196458
3,10,test,0.685954,0.654448,0.638954,0.633218,0.677151,0.635104
3,10,ood,0.561876,0.666948,0.500633,0.500317,1.000000,1.051210
3,11,test,0.635560,0.632974,0.586175,0.573143,0.706753,0.661933
3,11,ood,0.710745,0.654508,0.501767,0.500938,0.943867,0.661630
3,12,test,0.689133,0.634978,0.619804,0.616188,0.654949,0.639890
3,12,ood,0.783445,0.666667,0.500000,0.500000,1.000000,2.167353
3,13,test,0.666778,0.656527,0.620271,0.604199,0.718779,0.647886
3,13,ood,0.412740,0.590607,0.492367,0.494842,0.732333,0.731679
3,14,test,0.691710,0.581276,0.619804,0.654693,0.522664,0.642028
3,14,ood,0.562579,0.637893,0.485433,0.492092,0.906467,0.907808
3,15,test,0.659012,0.634507,0.607193,0.598361,0.675301,0.651778
3,15,ood,0.896099,0.822612,0.826267,0.840286,0.805667,0.615353
3,16,test,0.670744,0.658734,0.624942,0.609277,0.716929,0.645811
3,16,ood,0.420144,0.612532,0.476867,0.486394,0.827000,0.833951
3,17,test,0.693691,0.628949,0.632415,0.641346,0.617021,0.627807
3,17,ood,0.512436,0.643006,0.493367,0.496392,0.912533,0.872532
3,18,test,0.689641,0.661221,0.631948,0.617671,0.711378,0.638625
3,18,ood,0.478469,0.666667,0.500000,0.500000,1.000000,1.178251
3,19,test,0.662389,0.571716,0.602522,0.626932,0.525439,0.652063
3,19,ood,0.301333,0.595188,0.458200,0.475072,0.796600,0.998679
3,2,test,0.691429,0.620388,0.634750,0.652707,0.591119,0.632483
3,2,ood,0.550764,0.666681,0.500033,0.500017,1.000000,1.168548
3,20,test,0.686928,0.612536,0.618870,0.629268,0.596670,0.638008
3,20,ood,0.700640,0.666667,0.500000,0.500000,1.000000,1.690852
3,3,test,0.700998,0.570231,0.617001,0.657799,0.503238,0.629770
3,3,ood,0.734507,0.666667,0.500000,0.500000,1.000000,1.457424
3,4,test,0.694038,0.689683,0.634750,0.603892,0.803885,0.635445
3,4,ood,0.376189,0.657443,0.493267,0.496562,0.972533,1.084490
3,5,test,0.673553,0.598659,0.608594,0.620655,0.578168,0.643614
3,5,ood,0.652628,0.668884,0.505500,0.502768,0.998933,1.118563
3,6,test,0.681140,0.649715,0.626810,0.617500,0.685476,0.641019
3,6,ood,0.812404,0.665372,0.500200,0.500101,0.993800,0.748501
3,7,test,0.645335,0.653924,0.602522,0.583454,0.743756,0.656782
3,7,ood,0.613853,0.654226,0.516400,0.509125,0.915000,0.719014
3,8,test,0.670568,0.640036,0.621205,0.615188,0.666975,0.655075
3,8,ood,0.874054,0.666667,0.500000,0.500000,1.000000,0.793747
3,9,test,0.683606,0.660128,0.627744,0.612342,0.716004,0.634991
3,9,ood,0.762840,0.656442,0.493000,0.496413,0.968733,0.812369
4,1,test,0.658936,0.641509,0.607090,0.597990,0.691860,0.648032
4,1,ood,0.560503,0.665569,0.498767,0.499383,0.997533,0.794233
4,10,test,0.679289,0.675181,0.624323,0.602126,0.768411,0.642990
4,10,ood,0.690437,0.668539,0.504200,0.502109,1.000000,1.779559
4,11,test,0.628196,0.637516,0.591827,0.580876,0.706395,0.665974
4,11,ood,0.629547,0.629932,0.471000,0.484400,0.900467,0.743222
4,12,test,0.639432,0.600779,0.596258,0.603718,0.597868,0.662834
4,12,ood,0.841938,0.833092,0.811967,0.748949,0.938533,0.581355
4,13,test,0.664162,0.611845,0.609552,0.618200,0.605620,0.653877
4,13,ood,0.808510,0.831573,0.811867,0.752728,0.928867,0.606309
4,14,test,0.657974,0.644847,0.604628,0.593165,0.706395,0.655143
4,14,ood,0.784158,0.806106,0.792100,0.755228,0.864333,0.600838
4,15,test,0.654489,0.674157,0.614476,0.590810,0.784884,0.677623
4,15,ood,0.279803,0.666667,0.500000,0.500000,1.000000,1.167513
4,16,test,0.643054,0.645833,0.598227,0.584906,0.720930,0.671704
4,16,ood,0.452019,0.660250,0.492867,0.496407,0.985533,0.937680
4,17,test,0.656409,0.649161,0.598720,0.584043,0.730620,0.655236
4,17,ood,0.217001,0.665302,0.498467,0.499232,0.996933,1.140312
4,18,test,0.662536,0.651872,0.629247,0.623342,0.683140,0.666395
4,18,ood,0.497521,0.666667,0.500000,0.500000,1.000000,1.471074
4,19,test,0.669035,0.671960,0.613491,0.590742,0.779070,0.649856
4,19,ood,0.476592,0.666444,0.499867,0.499933,0.999267,0.948146
4,2,test,0.642139,0.502661,0.585918,0.644917,0.411822,0.667476
4,2,ood,0.446654,0.611211,0.460167,0.477584,0.848667,0.729579
4,20,test,0.672658,0.663982,0.630231,0.616791,0.718992,0.656414
4,20,ood,0.673762,0.667156,0.501100,0.500551,1.000000,1.315841
4,3,test,0.670518,0.663212,0.615953,0.598131,0.744186,0.649401
4,3,ood,0.656644,0.667616,0.502200,0.501103,0.999867,1.808158
4,4,test,0.674196,0.658494,0.615953,0.600639,0.728682,0.652444
4,4,ood,0.519573,0.666667,0.500000,0.500000,1.000000,1.392100
4,5,test,0.649195,0.565900,0.591334,0.614773,0.524225,0.656657
4,5,ood,0.592230,0.620615,0.497467,0.498464,0.822067,0.683862
4,6,test,0.656662,0.597044,0.597243,0.607214,0.587209,0.663510
4,6,ood,0.788183,0.649187,0.484867,0.492186,0.953267,0.775668
4,7,test,0.662442,0.617176,0.611521,0.618076,0.616279,0.648088
4,7,ood,0.486656,0.668150,0.507967,0.504053,0.990667,0.965444
4,8,test,0.631365,0.589381,0.584934,0.592556,0.586240,0.663049
4,8,ood,0.527715,0.653204,0.499100,0.499523,0.943467,0.732990
4,9,test,0.642945,0.634720,0.602166,0.594915,0.680233,0.654968
4,9,ood,0.872176,0.666978,0.501300,0.500652,0.998800,0.662361
5,1,test,0.673069,0.593164,0.616025,0.642005,0.551230,0.660248
5,1,ood,0.814465,0.666667,0.500000,0.500000,1.000000,1.136270
5,10,test,0.660121,0.640351,0.616025,0.610595,0.673156,0.668463
5,10,ood,0.394646,0.666354,0.501767,0.500889,0.995067,0.829602
5,11,test,0.645483,0.645249,0.592092,0.577796,0.730533,0.664181
5,11,ood,0.368817,0.578312,0.438733,0.463137,0.769733,0.731962
5,12,test,0.673084,0.587778,0.613944,0.641990,0.542008,0.668328
5,12,ood,0.483692,0.666667,0.500000,0.500000,1.000000,1.271735
5,13,test,0.678778,0.605702,0.618626,0.637599,0.576844,0.651684
5,13,ood,0.379928,0.662714,0.495600,0.497790,0.991067,1.160422
5,14,test,0.648451,0.561045,0.597815,0.629299,0.506148,0.660423
5,14,ood,0.404585,0.661347,0.499200,0.499591,0.978000,0.736963
5,15,test,0.673848,0.633181,0.623829,0.627136,0.639344,0.656433
5,15,ood,0.832804,0.856759,0.833033,0.750163,0.998667,0.552110
5,16,test,0.653528,0.655346,0.609261,0.593516,0.731557,0.656084
5,16,ood,0.722284,0.657986,0.492167,0.496023,0.977000,0.701346
5,17,test,0.627815,0.634374,0.591571,0.581554,0.697746,0.669211
5,17,ood,0.588309,0.591658,0.567267,0.560088,0.627000,0.684897
5,18,test,0.656903,0.576034,0.589490,0.605650,0.549180,0.662134
5,18,ood,0.750177,0.663427,0.496667,0.498326,0.992133,0.693588
5,19,test,0.646914,0.584714,0.595734,0.611173,0.560451,0.679429
5,19,ood,0.438495,0.658809,0.492467,0.496186,0.980000,0.990972
5,2,test,0.648032,0.664924,0.599896,0.578469,0.781762,0.669193
5,2,ood,0.815483,0.666459,0.499933,0.499967,0.999200,0.682875
5,20,test,0.673051,0.548235,0.600416,0.643646,0.477459,0.663884
5,20,ood,0.439226,0.666637,0.499967,0.499983,0.999933,1.568739
5,3,test,0.659148,0.649499,0.617586,0.607493,0.697746,0.676169
5,3,ood,0.739448,0.658114,0.496333,0.498116,0.969533,0.750078
5,4,test,0.593791,0.596441,0.563476,0.562103,0.635246,0.682814
5,4,ood,0.779516,0.658028,0.494167,0.497021,0.973333,0.667676
5,5,test,0.666982,0.699839,0.610822,0.575198,0.893443,0.665326
5,5,ood,0.406619,0.660222,0.495000,0.497465,0.981267,0.838982
5,6,test,0.630779,0.634169,0.582206,0.570960,0.713115,0.678612
5,6,ood,0.340209,0.633223,0.491133,0.495004,0.878533,0.778663
5,7,test,0.675263,0.691976,0.628512,0.597615,0.821721,0.652084
5,7,ood,0.295612,0.656252,0.492433,0.496126,0.969000,0.962371
5,8,test,0.640024,0.670450,0.607180,0.584030,0.786885,0.663606
5,8,ood,0.823198,0.664476,0.506467,0.503330,0.977400,0.677387
5,9,test,0.642077,0.677498,0.586889,0.561238,0.854508,0.678483
5,9,ood,0.733128,0.655019,0.493200,0.496491,0.962267,0.724597
6,1,test,0.655322,0.591533,0.599327,0.611834,0.572536,0.663605
6,1,ood,0.779087,0.595028,0.676900,0.796978,0.474733,0.612611
6,10,test,0.636425,0.577571,0.592031,0.607579,0.550388,0.667977
6,10,ood,0.718959,0.705080,0.723100,0.754158,0.662000,0.633969
6,11,test,0.653054,0.643599,0.595398,0.581250,0.720930,0.668669
6,11,ood,0.734154,0.704910,0.652433,0.612442,0.830267,0.646649
6,12,test,0.651057,0.599430,0.605499,0.617371,0.582503,0.675783
6,12,ood,0.524485,0.435050,0.399967,0.411018,0.462067,0.726683
6,13,test,0.657332,0.613065,0.611111,0.618243,0.607973,0.656841
6,13,ood,0.254019,0.555224,0.419167,0.449849,0.725067,1.014548
6,14,test,0.691336,0.678150,0.632997,0.610275,0.763012,0.648804
6,14,ood,0.442088,0.667284,0.509167,0.504700,0.984400,1.017090
6,15,test,0.713746,0.702045,0.656566,0.626412,0.798450,0.641194
6,15,ood,0.369282,0.666859,0.500433,0.500217,1.000000,1.266451
6,16,test,0.618605,0.629122,0.589787,0.580524,0.686600,0.675564
6,16,ood,0.781746,0.828942,0.816467,0.776181,0.889400,0.608748
6,17,test,0.648934,0.648148,0.616162,0.605187,0.697674,0.664535
6,17,ood,0.640130,0.621786,0.521900,0.514331,0.786000,0.695248
6,18,test,0.657897,0.607964,0.607744,0.615909,0.600221,0.664449
6,18,ood,0.318322,0.654551,0.500067,0.500035,0.947267,0.923180
6,19,test,0.628715,0.475928,0.572391,0.627949,0.383167,0.683673
6,19,ood,0.811129,0.540619,0.632633,0.721277,0.432333,0.607305
6,2,test,0.628002,0.618697,0.592593,0.588412,0.652270,0.665664
6,2,ood,0.779112,0.685815,0.565367,0.536999,0.948733,0.663151
6,20,test,0.638389,0.571763,0.589787,0.606965,0.540421,0.677011
6,20,ood,0.526986,0.456193,0.369800,0.401194,0.528667,0.712876
6,3,test,0.665778,0.655240,0.604938,0.587357,0.740864,0.647670
6,3,ood,0.424516,0.667735,0.502400,0.501203,1.000000,1.016747
6,4,test,0.666909,0.649505,0.602694,0.587287,0.726467,0.671066
6,4,ood,0.346550,0.660662,0.496433,0.498188,0.980400,1.042891
6,5,test,0.655266,0.570208,0.604938,0.635374,0.517165,0.659896
6,5,ood,0.260418,0.659224,0.496367,0.498142,0.974267,0.803360
6,6,test,0.625698,0.626667,0.591470,0.583572,0.676633,0.666409
6,6,ood,0.824704,0.838559,0.816000,0.746978,0.955733,0.519144
6,7,test,0.650559,0.575557,0.604377,0.630607,0.529347,0.678402
6,7,ood,0.785232,0.804344,0.788000,0.746773,0.871533,0.603163
6,8,test,0.638650,0.616372,0.597643,0.596273,0.637874,0.667121
6,8,ood,0.852799,0.835889,0.816600,0.756342,0.934133,0.590623
6,9,test,0.679096,0.610209,0.622896,0.640682,0.582503,0.660250
6,9,ood,0.408097,0.670268,0.513667,0.507009,0.988600,0.825135
7,1,test,0.657836,0.549724,0.598027,0.629747,0.487745,0.657425
7,1,ood,0.706079,0.666667,0.500000,0.500000,1.000000,1.212279
7,10,test,0.673649,0.616995,0.616523,0.620050,0.613971,0.668376
7,10,ood,0.779298,0.656790,0.497267,0.498583,0.962067,0.881351
7,11,test,0.689451,0.643071,0.633169,0.629847,0.656863,0.636995
7,11,ood,0.483771,0.666667,0.500000,0.500000,1.000000,1.316762
7,12,test,0.673168,0.649914,0.622072,0.608556,0.697304,0.658161
7,12,ood,0.396710,0.665523,0.499567,0.499782,0.995733,0.986397
7,13,test,0.667869,0.595913,0.622072,0.644793,0.553922,0.655760
7,13,ood,0.871350,0.803361,0.797200,0.779674,0.828533,0.494416
7,14,test,0.683127,0.595318,0.627004,0.655376,0.545343,0.667715
7,14,ood,0.392045,0.666667,0.500000,0.500000,1.000000,1.738657
7,15,test,0.664261,0.570100,0.601110,0.622642,0.525735,0.656120
7,15,ood,0.787115,0.660027,0.495933,0.497931,0.978600,0.744089
7,16,test,0.664184,0.591837,0.605425,0.617021,0.568627,0.670148
7,16,ood,0.468477,0.665834,0.500733,0.500369,0.994800,1.248535
7,17,test,0.684240,0.644618,0.635635,0.632822,0.656863,0.649859
7,17,ood,0.460402,0.666667,0.500000,0.500000,1.000000,1.327496
7,18,test,0.643557,0.661507,0.595561,0.571301,0.785539,0.660136
7,18,ood,0.748756,0.677142,0.547267,0.526193,0.949533,0.657764
7,19,test,0.650120,0.678693,0.593711,0.563563,0.852941,0.678312
7,19,ood,0.364907,0.665421,0.498600,0.499299,0.997200,0.974294
7,2,test,0.633828,0.535714,0.583231,0.609375,0.477941,0.670445
7,2,ood,0.367383,0.506592,0.409900,0.435270,0.605867,0.708708
7,20,test,0.672978,0.604473,0.618372,0.631509,0.579657,0.653345
7,20,ood,0.810046,0.666667,0.500000,0.500000,1.000000,1.110316
7,3,test,0.659931,0.603254,0.609125,0.616368,0.590686,0.654086
7,3,ood,0.842954,0.781866,0.775300,0.759668,0.805400,0.563320
7,4,test,0.666279,0.632361,0.603576,0.592712,0.677696,0.662051
7,4,ood,0.835608,0.840460,0.820033,0.754790,0.948067,0.600827
7,5,test,0.651949,0.523364,0.591245,0.633043,0.446078,0.666741
7,5,ood,0.393326,0.529276,0.461633,0.470198,0.605333,0.775502
7,6,test,0.671394,0.618901,0.619605,0.623910,0.613971,0.678988
7,6,ood,0.329104,0.665448,0.499700,0.499849,0.995133,1.422913
7,7,test,0.639488,0.605110,0.580764,0.575055,0.638480,0.673270
7,7,ood,0.860965,0.660569,0.501500,0.500774,0.970133,0.635010
7,8,test,0.671979,0.554633,0.602959,0.636508,0.491422,0.650837
7,8,ood,0.292376,0.667156,0.501100,0.500551,1.000000,0.841440
7,9,test,0.669778,0.647904,0.622072,0.609730,0.691176,0.648280
7,9,ood,0.536244,0.666696,0.500067,0.500033,1.000000,0.953899
8,1,test,0.663797,0.690361,0.597339,0.562281,0.894003,0.672977
8,1,ood,0.348014,0.665480,0.498833,0.499416,0.997000,0.918618
8,10,test,0.673171,0.664156,0.625350,0.603881,0.737796,0.653852
8,10,ood,0.498768,0.666993,0.500733,0.500367,1.000000,0.916125
8,11,test,0.696516,0.673392,0.637255,0.614499,0.744770,0.633972
8,11,ood,0.594421,0.666875,0.502067,0.501039,0.996800,0.913291
8,12,test,0.688272,0.679577,0.617647,0.586626,0.807531,0.651499
8,12,ood,0.484646,0.677556,0.526867,0.513887,0.994200,0.838920
8,13,test,0.648182,0.694611,0.607143,0.569643,0.889819,0.667378
8,13,ood,0.193168,0.666192,0.499467,0.499733,0.998933,0.780240
8,14,test,0.659421,0.639420,0.616947,0.606250,0.676430,0.650229
8,14,ood,0.390218,0.448718,0.441000,0.442607,0.455000,0.727826
8,15,test,0.656798,0.610309,0.602941,0.601626,0.619247,0.653237
8,15,ood,0.750870,0.668794,0.505267,0.502650,0.999000,0.752704
8,16,test,0.649936,0.652473,0.611345,0.592045,0.726639,0.653001
8,16,ood,0.402996,0.629785,0.478700,0.488272,0.886800,0.749708
8,17,test,0.598297,0.673491,0.575630,0.548727,0.871688,0.675062
8,17,ood,0.289818,0.600942,0.482967,0.489296,0.778600,0.715068
8,18,test,0.591552,0.618778,0.576331,0.564368,0.684798,0.684023
8,18,ood,0.845351,0.838977,0.827867,0.788108,0.896867,0.659689
8,19,test,0.659883,0.659407,0.605742,0.582265,0.760112,0.652283
8,19,ood,0.809586,0.650728,0.493067,0.496356,0.944467,0.647598
8,2,test,0.643042,0.597330,0.598739,0.601983,0.592748,0.674749
8,2,ood,0.821628,0.829292,0.811800,0.758770,0.914267,0.568873
8,20,test,0.659240,0.678828,0.593137,0.562271,0.856346,0.660056
8,20,ood,0.460425,0.666889,0.500733,0.500367,0.999533,0.757381
8,3,test,0.653522,0.655000,0.613445,0.593431,0.730823,0.655786
8,3,ood,0.467710,0.589208,0.493467,0.495544,0.726533,0.738487
8,4,test,0.616985,0.661723,0.584734,0.559846,0.808926,0.667197
8,4,ood,0.446708,0.618735,0.508600,0.505451,0.797467,0.710688
8,5,test,0.654220,0.593862,0.601541,0.608187,0.580195,0.653514
8,5,ood,0.368342,0.588014,0.489000,0.492571,0.729333,0.737295
8,6,test,0.647906,0.600139,0.595938,0.596419,0.603905,0.655090
8,6,ood,0.683152,0.616150,0.503733,0.502354,0.796600,0.671493
8,7,test,0.653608,0.639752,0.593838,0.576708,0.718271,0.664194
8,7,ood,0.674606,0.639516,0.488100,0.493533,0.908133,0.805029
8,8,test,0.616765,0.531394,0.571429,0.589134,0.483961,0.671278
8,8,ood,0.889532,0.806361,0.786900,0.738884,0.887400,0.569047
8,9,test,0.651400,0.628088,0.599440,0.588307,0.673640,0.668510
8,9,ood,0.562968,0.665777,0.499300,0.499649,0.997400,0.881961
9,1,test,0.638094,0.575960,0.589661,0.597920,0.555556,0.669107
9,1,ood,0.804134,0.800697,0.763533,0.691949,0.950000,0.619112
9,10,test,0.628570,0.634286,0.586430,0.569961,0.714976,0.675490
9,10,ood,0.930928,0.666252,0.499667,0.499833,0.998800,0.643325
9,11,test,0.637530,0.624709,0.609855,0.603604,0.647343,0.668121
9,11,ood,0.741586,0.663632,0.499900,0.499949,0.986667,0.736099
9,12,test,0.663806,0.618856,0.617932,0.619355,0.618357,0.675871
9,12,ood,0.633006,0.666756,0.500400,0.500200,0.999600,1.070889
9,13,test,0.586196,0.646135,0.545234,0.529897,0.827697,0.684995
9,13,ood,0.795323,0.814713,0.815967,0.820301,0.809200,0.656983
9,14,test,0.642481,0.626844,0.591276,0.578231,0.684380,0.661757
9,14,ood,0.909119,0.667812,0.503533,0.501776,0.998067,0.629973
9,15,test,0.662475,0.582389,0.613086,0.634981,0.537842,0.678531
9,15,ood,0.473550,0.642830,0.490533,0.494891,0.916933,0.800854
9,16,test,0.634454,0.646974,0.604200,0.585398,0.723027,0.665830
9,16,ood,0.666951,0.663683,0.499067,0.499528,0.988533,0.710698
9,17,test,0.628565,0.639010,0.599354,0.583001,0.706924,0.681928
9,17,ood,0.795012,0.853259,0.830533,0.752367,0.985400,0.532261
9,18,test,0.647948,0.587156,0.600162,0.608997,0.566828,0.669212
9,18,ood,0.381282,0.664070,0.505600,0.502881,0.977333,0.881971
9,19,test,0.656983,0.567401,0.603393,0.626459,0.518519,0.667768
9,19,ood,0.391942,0.628618,0.465767,0.481762,0.904267,0.819082
9,2,test,0.645020,0.556131,0.584814,0.599628,0.518519,0.673333
9,2,ood,0.836322,0.680149,0.744833,0.911116,0.542600,0.583129
9,20,test,0.642593,0.606156,0.596931,0.594427,0.618357,0.666265
9,20,ood,0.885342,0.839131,0.815933,0.745214,0.960133,0.464277
9,3,test,0.608928,0.647099,0.582391,0.561611,0.763285,0.692086
9,3,ood,0.858545,0.658642,0.718300,0.835605,0.543533,0.586111
9,4,test,0.667639,0.661665,0.635703,0.619382,0.710145,0.683013
9,4,ood,0.650665,0.666667,0.500000,0.500000,1.000000,1.180525
9,5,test,0.606122,0.581649,0.565428,0.562406,0.602254,0.670086
9,5,ood,0.281159,0.285820,0.291033,0.287937,0.283733,0.729239
9,6,test,0.628437,0.632727,0.592084,0.576923,0.700483,0.685673
9,6,ood,0.524736,0.664191,0.499700,0.499848,0.989533,0.824391
9,7,test,0.641090,0.597531,0.605008,0.611111,0.584541,0.696494
9,7,ood,0.868653,0.852500,0.829367,0.750723,0.986200,0.434535
9,8,test,0.626944,0.577049,0.583199,0.587646,0.566828,0.666101
9,8,ood,0.642637,0.595592,0.437333,0.464847,0.828667,0.717237
9,9,test,0.628951,0.618263,0.588045,0.577622,0.665056,0.682173
9,9,ood,0.256754,0.657922,0.493200,0.496536,0.974733,0.880740
10,1,test,0.617915,0.638842,0.591128,0.561377,0.741107,0.673912
10,1,ood,0.645067,0.576016,0.573967,0.573259,0.578800,0.668759
10,10,test,0.611122,0.560000,0.575699,0.566802,0.553360,0.674752
10,10,ood,0.632241,0.685863,0.741800,0.875544,0.563733,0.658009
10,11,test,0.639170,0.658228,0.583414,0.548813,0.822134,0.677322
10,11,ood,0.515363,0.630917,0.544367,0.530202,0.778867,0.725325
10,12,test,0.649263,0.606403,0.596914,0.579137,0.636364,0.660079
10,12,ood,0.387805,0.615205,0.483400,0.490149,0.825933,0.772877
10,13,test,0.655360,0.640288,0.614272,0.587459,0.703557,0.675793
10,13,ood,0.837581,0.777499,0.772567,0.760996,0.794733,0.511349
10,14,test,0.624726,0.635607,0.577628,0.548851,0.754941,0.676392
10,14,ood,0.532001,0.612903,0.483200,0.489941,0.818267,0.768995
10,15,test,0.645236,0.615385,0.599807,0.579407,0.656126,0.661251
10,15,ood,0.498306,0.630931,0.506100,0.503639,0.844333,0.744478
10,16,test,0.637302,0.604263,0.588235,0.568935,0.644269,0.666618
10,16,ood,0.641024,0.615810,0.477067,0.486684,0.838200,0.678819
10,17,test,0.657221,0.613462,0.612343,0.597378,0.630435,0.672959
10,17,ood,0.801734,0.615999,0.653567,0.690924,0.555733,0.590881
10,18,test,0.596849,0.601307,0.588235,0.569912,0.636364,0.703806
10,18,ood,0.524739,0.514102,0.395867,0.429955,0.639200,0.727367
10,19,test,0.619653,0.636218,0.562199,0.535040,0.784585,0.697316
10,19,ood,0.442999,0.670923,0.512033,0.506122,0.994867,0.863041
10,2,test,0.609332,0.592727,0.567985,0.548822,0.644269,0.673599
10,2,ood,0.652337,0.580341,0.465900,0.477935,0.738600,0.682886
10,20,test,0.601967,0.555874,0.551591,0.537893,0.575099,0.676250
10,20,ood,0.855190,0.674997,0.524000,0.512440,0.988600,0.655782
10,3,test,0.592011,0.596206,0.568949,0.549085,0.652174,0.679553
10,3,ood,0.864458,0.855528,0.842400,0.789744,0.933267,0.618542
10,4,test,0.629836,0.584887,0.592093,0.580897,0.588933,0.675385
10,4,ood,0.438819,0.619845,0.510867,0.506907,0.797533,0.761211
10,5,test,0.653116,0.656525,0.586307,0.551817,0.810277,0.695789
10,5,ood,0.807607,0.778971,0.748300,0.694359,0.887067,0.585196
10,6,test,0.624662,0.617569,0.584378,0.560386,0.687747,0.691372
10,6,ood,0.746328,0.730998,0.689733,0.645189,0.843133,0.638530
10,7,test,0.682462,0.581498,0.633558,0.656716,0.521739,0.649162
10,7,ood,0.483658,0.624190,0.484100,0.490891,0.856867,0.870229
10,8,test,0.642017,0.647865,0.578592,0.546939,0.794466,0.685459
10,8,ood,0.591066,0.628255,0.528367,0.518451,0.797067,0.746399
10,9,test,0.619842,0.557576,0.577628,0.570248,0.545455,0.694612
10,9,ood,0.895982,0.731688,0.770933,0.882963,0.624667,0.567941
11,1,test,0.612851,0.558363,0.566194,0.533333,0.585859,0.665286
11,1,ood,0.833102,0.761150,0.759000,0.754420,0.768000,0.586768
11,10,test,0.616577,0.571767,0.573286,0.539150,0.608586,0.704506
11,10,ood,0.837747,0.649091,0.505733,0.503155,0.914267,0.622196
11,11,test,0.615993,0.598670,0.572104,0.533597,0.681818,0.675833
11,11,ood,0.420033,0.553374,0.415500,0.447756,0.724200,0.737131
11,12,test,0.636235,0.605023,0.591017,0.552083,0.669192,0.675349
11,12,ood,0.805047,0.666667,0.500000,0.500000,1.000000,0.799171
11,13,test,0.628928,0.496513,0.573286,0.554517,0.449495,0.661965
11,13,ood,0.741548,0.614364,0.670667,0.741055,0.524667,0.654949
11,14,test,0.648648,0.517808,0.583924,0.565868,0.477273,0.648819
11,14,ood,0.613891,0.559582,0.530867,0.527306,0.596067,0.679219
11,15,test,0.576661,0.412698,0.562648,0.555556,0.328283,0.679070
11,15,ood,0.420442,0.454461,0.512233,0.515521,0.406333,0.717519
11,16,test,0.633412,0.532110,0.578014,0.553134,0.512626,0.656324
11,16,ood,0.423392,0.422702,0.457167,0.451359,0.397467,0.722627
11,17,test,0.629893,0.621868,0.607565,0.566390,0.689394,0.695672
11,17,ood,0.692142,0.666430,0.499733,0.499867,0.999467,1.020700
11,18,test,0.636914,0.562500,0.586288,0.556931,0.568182,0.693649
11,18,ood,0.801149,0.666667,0.500000,0.500000,1.000000,1.205219
11,19,test,0.620140,0.600000,0.579196,0.540486,0.674242,0.667462
11,19,ood,0.829827,0.821919,0.800467,0.742130,0.920933,0.615788
11,2,test,0.608474,0.621339,0.572104,0.530357,0.750000,0.686338
11,2,ood,0.759765,0.631100,0.483467,0.490817,0.883667,0.652560
11,20,test,0.637301,0.514604,0.587470,0.572755,0.467172,0.667986
11,20,ood,0.425595,0.515870,0.406133,0.435413,0.632800,0.728955
11,3,test,0.610152,0.540541,0.578014,0.551181,0.530303,0.680767
11,3,ood,0.606457,0.659469,0.492200,0.496065,0.983400,0.799264
11,4,test,0.631785,0.535859,0.594563,0.577259,0.500000,0.665019
11,4,ood,0.780891,0.682586,0.536533,0.519025,0.996667,0.660298
11,5,test,0.626998,0.581315,0.570922,0.535032,0.636364,0.659866
11,5,ood,0.498290,0.583165,0.490933,0.493715,0.712200,0.719114
11,6,test,0.625219,0.582734,0.588652,0.554795,0.613636,0.662113
11,6,ood,0.523049,0.574857,0.520567,0.516383,0.648267,0.699906
11,7,test,0.570853,0.644040,0.491726,0.479064,0.982323,0.696472
11,7,ood,0.269673,0.666667,0.500000,0.500000,1.000000,0.698561
11,8,test,0.598967,0.621901,0.567376,0.526224,0.760101,0.671502
11,8,ood,0.648977,0.593439,0.447633,0.469506,0.806267,0.688442
11,9,test,0.650471,0.654020,0.547281,0.509142,0.914141,0.683675
11,9,ood,0.670253,0.663289,0.497067,0.498524,0.990733,0.706740
12,1,test,0.627037,0.617524,0.592593,0.579634,0.660714,0.668440
12,1,ood,0.286141,0.670240,0.511967,0.506106,0.991933,0.781121
12,10,test,0.614509,0.420650,0.551111,0.588235,0.327381,0.671371
12,10,ood,0.898584,0.725379,0.759167,0.843753,0.636133,0.656212
12,11,test,0.590515,0.651605,0.565926,0.542574,0.815476,0.681880
12,11,ood,0.848872,0.703614,0.578767,0.542751,1.000000,0.640909
12,12,test,0.594035,0.661972,0.502222,0.500000,0.979167,0.691831
12,12,ood,0.871720,0.666667,0.500000,0.500000,1.000000,0.684500
12,13,test,0.618916,0.571006,0.570370,0.567647,0.574405,0.668788
12,13,ood,0.734201,0.670691,0.509067,0.504575,0.999867,0.790195
12,14,test,0.626747,0.626984,0.582222,0.564286,0.705357,0.672620
12,14,ood,0.866926,0.675270,0.519367,0.509880,0.999467,0.667202
12,15,test,0.632612,0.606557,0.573333,0.560606,0.660714,0.666324
12,15,ood,0.598978,0.643971,0.519967,0.511769,0.868267,0.714808
12,16,test,0.611673,0.610966,0.558519,0.544186,0.696429,0.679284
12,16,ood,0.749978,0.637252,0.492467,0.495811,0.891600,0.646108
12,17,test,0.619074,0.520593,0.568889,0.583026,0.470238,0.674435
12,17,ood,0.763497,0.663815,0.504867,0.502501,0.977667,0.702226
12,18,test,0.602902,0.617157,0.557037,0.541573,0.717262,0.676506
12,18,ood,0.851396,0.669718,0.506900,0.503474,0.999867,0.656546
12,19,test,0.612560,0.679287,0.573333,0.542705,0.907738,0.677870
12,19,ood,0.823173,0.670144,0.508867,0.504483,0.997800,0.681118
12,2,test,0.544068,0.670144,0.502222,0.504483,0.997800,0.692648
12,2,ood,0.737396,0.640275,0.500000,0.492619,0.914333,0.692717
12,20,test,0.630496,0.523333,0.576296,0.594697,0.467262,0.663972
12,20,ood,0.785128,0.673236,0.514767,0.507496,0.999733,0.681970
12,3,test,0.608846,0.652015,0.577778,0.552795,0.794643,0.675715
12,3,ood,0.813032,0.686016,0.554667,0.529764,0.973000,0.660968
12,4,test,0.508665,0.664688,0.497778,0.497778,1.000000,0.694962
12,4,ood,0.261445,0.666667,0.500000,0.500000,1.000000,0.695479
12,5,test,0.637862,0.643229,0.594074,0.571759,0.735119,0.680251
12,5,ood,0.825327,0.809322,0.791900,0.746801,0.883267,0.570388
12,6,test,0.563597,0.670144,0.502222,0.504483,0.997800,0.692179
12,6,ood,0.743770,0.640275,0.500000,0.492619,0.914333,0.691917
12,7,test,0.628810,0.580645,0.595556,0.600000,0.562500,0.685967
12,7,ood,0.766613,0.640275,0.486300,0.492619,0.914333,0.632228
12,8,test,0.640548,0.587183,0.589630,0.588060,0.586310,0.666332
12,8,ood,0.547443,0.669565,0.508567,0.504339,0.995800,0.870142
12,9,test,0.675674,0.637483,0.607407,0.589873,0.693452,0.638443
12,9,ood,0.492106,0.663176,0.498300,0.499141,0.987800,0.823305
